Type,Song,Artists,Main Artist,Year,Lyrics search URL,Lyrics
Bongo,Kwangwaru,Harmonize ft. Diamond Platnumz,Harmonize,2018,https://www.google.com/search?q=Kwangwaru+lyrics,"Hmm
I wish ningekuwaga na mavumba
Mkwanja manoti
Nikuhonge vya thamani
Ama, niwe fundi wa kuigiza ka' Kanumba
Masanja Joti usiwe mbali nami
Hmm
My darling, I need you love, oh
Uwe nami haki ya Mungu nakupenda
Nobody can show you love, oh
Usiwaamini ukishawapa wanakwenda
Oh, basi jilegeze
Nikubebe mgongoni (iyelewi)
Deka nikudekeze nikutunze kama mboni (iyelewi)
Wakija wapoteze jifanye kama huwaoni (iyelewi)
Kisha uniongeze ulivyofunzwa unyangoni (iyelewi)
Oh, baby
Asa dansi nikuone (kwa ngwaru)
Wa Bami Jo (kwa ngwaru)
Ololu Femi (kwa ngwaru)
Oh, baby
Asa cheza nikuone (kwa ngwaru)
Wa Bami Jo (kwa ngwaru)
Basi cheza na mimi (kwa ngwaru)
Aah
Moyo wangu wa muarobaini
Mchungu ukiuziwa
Samehe mara sabini
Huo uzungu sija jaaliwa
Ungependa juu ama chini
Kwenye uvungu uparemiwa
Nikumbatie baridini
Kwenye tundu kama njiwa
Moyo wangu ni wa makuti
Usinijie na kibiriti (hasa we')
Penzi likageuka chuki
Nyumba ikawa kibiti (hasa we')
Nipatie vya kitandani
Nipe mpaka kwenye kiti (hasa we')
Ili asiniingie shetani
Nawe nikaja kukucheati
Oh, basi jilegeze
Nikubebe mgongoni (iyelewi)
Kitandani nikoleze
Kwa miuno ya kingoni (iyelewi)
Kisha nibembeleze
Nirudishe utotoni (iyelewi)
Weka mate niteleze
Kama nyoka pangoni (iyelewi)
Oh, baby
Asa dansi kidogo (kwa ngwaru)
Oh, wa Bami Jo (kwa ngwaru)
Ololu Femi (kwa ngwaru)
Oh, baby
Asa cheza nikuone (kwa ngwaru)
Wa Bami Jo (kwa ngwaru)
Basi cheza na mimi (kwa ngwaru)
Ah!
Nataka kucheza chura na ingali umesimama
Aah, inama inama
Asa waonyeshe
Aah, inama inama
Unachezaje
Aah, inama inama
Unataka maji ya kisima na mwoga kuchutama
Aah, inama inama
Ebu waonyeshe
Aah, inama inama
Unachotaje
Aah, inama inama
Unataka kupiga deki wima umesimama
Aah, inama inama
Ebu tuonyeshe
Aah, inama inama
Unapigaje
Aah, inama inama
Si unataka vya pool table sa' mbona unajibana
Aah, inama inama
Ebu tuonyeshe
Aah, inama inama
Unalengaje
Aah, inama inama
Wasafi Record
Oya, wanangu wa kigogo (aah, inama)
Nipe za Mose Iyobo (aah, inama)
Vunja vunja kidogo (aah, inama)
Aah, niongeze mikogo (aah, inama inama)"
Bongo,Tetema,Rayvanny ft. Diamond Platnumz,Rayvanny,2019,https://www.google.com/search?q=Tetema+lyrics,"This is the remix
Aya twende tetema ooh mama tetema
Tipwa tipwa tetema ooh mama tetema
Aya twende tetema ooh mama tetema
Shuka chini tetema ooh mama tetema
Its S2kizzy beiby
As we step in addi club girl ya whine to de top
Me love the way the body go we don bang bang bang
Up in addi ref the gal misbehave and
The man dem me like yah bang bang bang
You like me I like you (Tetema)
You want me girl I want you (Tetema)
You like me I like you (Tetema)
You want me gal I want you
Bad girl me diggi dis
Your team bad gal you are the wickedest
Bad mmh wickedest
And the way you whine gal you finish it
Gal I hope you date me
Coz you captivate me you activate me (All night long)
There is no debating
Gal don't keep me waiting Its a five star rating
Aya twende tetema (Ooh mama tetema)
Tipwa tipwa tetema (Ooh mama tetema)
Aya twende tetema (Ooh mama tetema)
Shuka chini tetema (Ooh mama tetema)
Aya twende tetema (Ooh mama tetema)
Tipwa tipwa tetema (Ooh mama tetema)
Aya twende tetema (Ooh mama tetema)
Shuka chini tetema (Ooh mama tetema)
Ka-katoto Kamenoga (Ooh mama)
Nakapa ndizi za Bukoba (Ooh mama)
Nakapadisha bodaboda (Ooh mama)
Kakichoka kuchuma mboga (Ooh mama)
Aaai mama shigidi aah
Nakufa hooi wikidi aah
Aaai mama shigidi konki
Fire motoo liquidi
Aya twende tetema (Ooh mama tetema)
Tipwa tipwa tetema (Ooh mama tetema)
Aya twende tetema (Ooh mama tetema)
Cuka chini tetema (Ooh mama tetema)
Aya twende tetema (Ooh mama tetema)
Tipwa tipwa tetema (Ooh mama tetema)
Aya twende tetema (Ooh mama tetema)
Shuka chini tetema (Ooh mama tetema)
Chanting Yoruba language
Aya twende tetema (Ooh mama tetema)
Tipwa tipwa tetema (Ooh mama tetema)
Aya twende tetema (Ooh mama tetema)
Shuka chini tetema (Ooh mama tetema)
Aya twende tetema (Ooh mama tetema)
Tipwa tipwa tetema (Ooh mama tetema)
Aya twende tetema (Ooh mama tetema)
Shuka chini tetema (Ooh mama tetema)
Tetema
Yaani kama vile generator (Tetema)
Kama mwizi kakupiga ngeta (Tetema)
Mwendo wa kutunga kupepeta (Tetema)
Chini nikipuliza tarumbeta
Asa wooza wooza cheza shogoloza kufa chali kama mende
Maria Roza poza tungi limepoza twende nikupige nyembe (Brr okey)
You make my mind go kolo (Kolo kolo)
Ukinuna tu mie toro (Doro doro washa)
Sa nipe za digi digi (Washa)
Miuno ya gigy gigy (Washa)
Funga kibindo mgwiji mgwiji (Washa)
Nikunyonge ka zigi zigi
Teeete (Ooh mama tetema)
Tipwa tipwa tetema (Ooh mama tetema)
Aya twende tetema (Ooh mama tetema)
Shuka chini tetema (Ooh mama tetema)
Aya twende tetema (Ooh mama tetema)
Tipwa tipwa tetema (Ooh mama tetema)
Aya twende tetema (Ooh mama tetema)
Shuka chini tetema (Ooh mama tetema)
Tetema ooh mama tetema
See de gyal and tetema ooh mama tetema
Nigerian girls skelewa ooh they love skelewa
Yes dema sarewa mmh dem ah sarewa
Tanzanian girls skelewa yes they love skelewa
Skelewa well say"
Bongo,Moyo Mashine,Ali Kiba,Ali Kiba,2015,https://www.google.com/search?q=Moyo Mashine+lyrics,"Najua kukikucha ntajuta kama nikikuta unanitania
Maana moyo wangu nimekupa uweke
Mimi ni mfungwa tena ni mjinga
Nimejileta gerezani
Tena sikuwaza ntakuwa mateka
Mmh
Najua ulinizungusha sana
Sijali huwa ni mambo ya ujana
Kukupenda wewe sijuti
Maneno yalisemwa mengi sana
Kuna wakati nilikata tamaa
Kukupenda wewe sichoki
Ila majibu ya upendo ulishakosa
(Acha waseme)
Nimekupendea nini
(Moyo mashine)
Ila majibu ya upendo ulishakosaga
(Wacha waseme)
Nimekupendea nini
Nafsi inanituma upendo uko nje ya maneno
Ila vitendo
Kama bubu akipenda atanena vipi kwa maneno
Pasina vitendo?
Kiziwi, hata ukimwambia ""nakupenda"" wala hasikii
Ila vitendo oh
Wewe sijui sababu za kukupenda
Siwezi sema, ila utaona ah
Najua ulinizungusha sana
Sijali huwa ni mambo ya ujana
Kukupenda wewe sijuti
Maneno yalisemwa mengi sana
Kuna wakati nilikata tamaa
Kukupenda wewe sichoki
Ila majibu ya upendo ulishakosa
(Acha waseme)
Nimekupendea nini
(Moyo mashine)
Ila majibu ya upendo ulishakosaga
(Wacha waseme)
Nimekupendea nini
Oh kama moyo ulisimama nlipokuona
Hukuongea, hukucheka, nilikuona tu
Na tabia sikufahamu, labda niache mwanadamu
Ukipenda usishangae ni upofu wa moyo
Kumbe moyo ulinirubuni, hukusema umependa nini
Ila majibu ya upendo ulishakosa
(Acha waseme)
Nimekupendea nini
(Moyo mashine)
Ila majibu ya upendo ulishakosaga
(Wacha waseme)
Nimekupendea nini"
Bongo,Nibebe,Nyota Ndogo,Nyota Ndogo,2008,https://www.google.com/search?q=Nibebe+lyrics,"Nibebe nibebe nibebe nibebe
Nibembeleze nibebe, eh Yesu unibebe
Nichukue unibebe
Mikononi mwako niwe salama
Nibebe nibebe nibebe nibebe
Nibembeleze nibebe, eh Yesu unibebe
Nichukue unibebe
Mikononi mwako niwe salama
E mungu angalia kunena kwangu,
Na usikie sauti ya kilio changu
Moyo wangu umechoka sana baba,
Kwa ajili ya wingi wa mateso yangu
Nafsi yangu imegandamana na mavumbi
Niokoe mikononi mwa midomo ya mbwa
Kwanini ninateswa sana kwa ajili yako babaga
Niokoe mikononi mwa watu wabaya
fanya hima unisaidie nibebe
Nibebe nibebe nibebe nibebe
Nibembeleze nibebe, eh Yesu unibebe
Nichukue unibebe
Mikononi mwako niwe salama
Nimechoka peke yangu
Safari ngumu no ndefu nibebe
Nibebe nibebe nibebe nibebe
Nibembeleze nibebe, eh Yesu unibebe
Nichukue unibebe
Mikononi mwako niwe salama
Macho yangu yamedhoofukwa machozi
Kwani mateso yangu hayapimiki kwa mizani
Kwa kuwa aliyenitukana siye adui yangu
bali ni rafiki yangu tuliyejuana naye sana
Tulikula pamoja, tulisali pamoja, kanisani pamoja
Bwana asifiwe kwa sana
Kumbe mwenzangu alikusudia kuniangamiza
Nibebe nibebe nibebe nibebe
Nibembeleze nibebe, eh Yesu unibebe
Nichukue unibebe
Mikononi mwako niwe salama
Kweli nimeamini adui wa kwanza ni yule wa nyumbani mwako
Nibebe nibebe nibebe nibebe
Nibembeleze nibebe, eh Yesu unibebe
Nichukue unibebe
Mikononi mwako niwe salama
Hata nliowasaidia nao wamenishuhudia uongo
Nibebe nibebe nibebe nibebe
Nibembeleze nibebe, eh Yesu unibebe
Nichukue unibebe
Mikononi mwako niwe salama
Wengine wakinibeba nitaambulia matatizo, yesu nibebe
Dunia ikinibeba itanipeleka jehanamu, yesu nibebe
Marafiki wakinibeba watanipeleka pabaya, yesu nibebe
Baba nibebe, yesu nibebe,
Nibembeleze nibebe, nichukue mbinguni salama
Nibebe nibebe nibebe nibebe
Nibembeleze nibebe, eh Yesu unibebe
Nichukue unibebe
Mikononi mwako niwe salama
Nimechoka pekee yangu safari ngumu siwezi
Nibebe nibebe nibebe nibebe
Nibembeleze nibebe, eh Yesu unibebe
Nichukue unibebe
Mikononi mwako niwe salama
Nifike mbinguni nimwone Eliya (Amen)
Nifike mbinguni nimwone Yakobo (Amen)
Pamoja na kiti cha enzi mbinguni kwa baba(Amen)
Kwa njia za dhahabu nami nakatembelee(Amen)
O baba nibebe, yesu nibebe,
Nibembeleze nibebe, nichukue mbinguni salama
Nibebe nibebe nibebe nibebe
Nibembeleze nibebe, eh Yesu unibebe
Nichukue unibebe
Mikononi mwako niwe salama
Nakwita Yesu unibebe mwokozi
Nibebe nibebe nibebe nibebe
Nibembeleze nibebe, eh Yesu unibebe
Nichukue unibebe
Mikononi mwako niwe salama
Nifike mbinguni nikamwone baba (Amen)
Nifike mbinguni nakapumzike (Amen)
Katika kiti cha enzi nami nikasujudie (Amen)
Niwaone wenzangu wale walionitangulia (Amen)
Nikale matunda ya mti wa uzima (Amen)
Yesu nibebe, baba nibebe,
Nibembeleze nibebe nichukue mbiguni salama
Nibebe nibebe nibebe nibebe
Nibembeleze nibebe, eh Yesu unibebe
Nichukue unibebe
Mikononi mwako niwe salama
Nimechoka pekee yangu dunia ngumu pekee yangu siwezi
Nibebe nibebe nibebe nibebe
Nibembeleze nibebe, eh Yesu unibebe
Nichukue unibebe
Mikononi mwako niwe salama
Nimechoka pekee yangu safari ngumu ni ndefu siwezi
Nibebe nibebe nibebe nibebe
Nibembeleze nibebe, eh Yesu unibebe
Nichukue unibebe
Mikononi mwako niwe salama
Nibebe nibebe nibebe nibebe
Nibembeleze nibebe, eh Yesu unibebe
Nichukue unibebe
Mikononi mwako niwe salama"
Bongo,Kidogo,Diamond Platnumz ft. P-Square,Diamond Platnumz,2016,https://www.google.com/search?q=Kidogo+lyrics,"Eh
P-Square
V-tek the boss
And Diamond
Waasaafiii...
Kidogo dogo (aah kidogo kile)
Kidogo dogo (aah kidogo kile)
Kidogo dogo (aah kidogo kile)
Kidogo dogo
She gat me
Dancing eeh
Party eeh
Fiesta eeh
Forever aah
Ooh yeaaaaah
Yani kabisa mi ananimalizaga
Dancing eeh
Party eeh
Fiesta eeh
Forever aah
Ooh yeaaaaah
Yani kabisa mi ananimalizaga
Kidogo dogo (aah kidogo kile)
Kidogo dogo (basi nipe kidogo mama)
Kidogo dogo (aah kidogo kile)
Kidogo dogo (nipe tena)
Kidogo dogo (aah kidogo kile)
Kidogo dogo (basi nipe kidogo mama)
Kidogo dogo (aah kidogo kile)
Kidogo dogo
Oya come make we gum body (ooh yeah)
You and I we become body (ooh yeah)
Girl as you dey see me so (ooh yeah)
I Will never let you go tai (ooh yeah)
Mpaka napata midadii (ooh yeah)
Wapi unataka mikadii (ooh yeah)
Aah kote mi nipo (ooh yeah)
Say my beautiful (ooh yeah)
I'm in love (I'm in loooove)
I'm gonna give you what your need
Let me give you what you need
I'm in love (I'm in loooove)
I'm gonna give you what your need
Let me give you what you need
She gat me
Dancing eeh
Party eeh
Fiesta eeh
Forever aah
Ooh yeaaaaah
Yani kabisa mi ananimalizaga
Dancing eeh
Party eeh
Fiesta eeh
Forever aah
Ooh yeaaaaah
Yani kabisa mi ananimalizaga
Kidogo dogo (aah kidogo kile)
Kidogo dogo (basi nipe kidogo mama)
Kidogo dogo (aah kidogo kile)
Kidogo dogo (nipe tenaa)
Kidogo dogo (aah kidogo kile)
Kidogo dogo (basi nipe kidogo mama)
Kidogo dogo (aah kidogo kile)
Kidogo dogo
Wasije kwa ngongongo kerewa haa
Minjonjo ukalewa hee
Mwishoni ukanogewa hehehe
Na tunda nikamegewa eeeh
Chululi si ndondondo chelewa haa
Ni uwongo elewa hee
Chonde chonde mamy hehehe
Utanikoseaa
Oya come make we gum body (ooh yeah)
You and I we become body (ooh yeah)
Girl as you dey see me so (ooh yeah)
I will never let you go tai (ooh yeah)
Mpaka napata midadii (ooh yeah)
Wapi unataka mikadii (ooh yeah)
Aah kote mi nipo (ooh yeah)
Say my beautiful (ooh yeah)
I'm in love (I'm in loooove)
I'm gonna give you what your need
Let me give you what you need
I'm in love (I'm in loooove)
I'm gonna give you what your need
Let me give you what you need
She gat me
Dancing eeh
Party eeh
Fiesta eeh
Forever aah
Ooh yeaaaaah
Yani kabisa mi ananimalizaga
Dancing eeh
Party eeh
Fiesta eeh
Forever aah
Ooh yeaaaaah
Ndio kabisa mi ananimalizaga
Kidogo dogo (eeeeh)
Kidogo dogo (eeeeh)
Kidogo dogo (kidogo dogo mamaaa)
Kidogo dogo (unanichangaya kabisaa)
Kidogo dogo (usiki kucha na na kukicha)
Kidogo dogo (eeeeh)
Kidogo dogo (aah kirangaraa)
Kidogo dogo
Tonight, I'm gonna give you all the love you deserve
Nobody can take it awaaaay
My baby you look so fine (so fine)
My african girl so beautiful (so beautiful)
I'm in love, you're in love
So in love, yeaah
I'm in love, you're in love
So in love
Yani kabisa ananimalizaga
Kidogo dogo (aah kidogo kile)
Kidogo dogo (aah kidogo kile)
Kidogo dogo (aah kidogo kile)
Kidogo dogo (aah kidogo kile)
Kidogo dogo (aah kidogo kile)
Kidogo dogo (aah kidogo kile)
Kidogo dogo (aah kidogo kile)
Kidogo dogo (aah kidogo mama)
Kidogo dogo (ooh yeah)
Kidogo dogo (ooh yeah)
Kidogo dogo (ooh yeah)
Kidogo dogo (ooh yeah)
Kidogo dogo (ooh yeah)
Kidogo dogo (ooh yeah)
Kidogo dogo (ooh yeah)
Kidogo dogo (ooh yeah)"
Bongo,Number One,Diamond Platnumz ft. Davido,Diamond Platnumz,2014,https://www.google.com/search?q=Number One+lyrics,"Ladies and gentlemen
If you don't have a perfect one to tell your partner
That you are in love with
Just dedicate him or her this beautiful song
Just tell him ""baby you are my number one""
Shout out to Rayvanny for featuring me
In this dop dop truck
Shout out to Mbosso for helping me write the verse
So yeah let's go, yeah let's go
Lalala, la la la
La- la-la mmmh
Hausukumi damu moyo
Unasukuma upendo wangu
Niko mahabani mambo sawa
Penzi nalimung'unya kibogoyo
Nimepata size yangu
Yaani nalioga sio kunawa
Firimbi nitapuliza
Kuita ndege waje
Raha zimefululiza
Kwako natokaje?
Hadi bububu umepitiliza
Uko kwa bibi paje
Taratibu unaniliza
Tulivuruge varanga
Chimene za kunengua kwangaru
Nikiandae kitanda
Shuka za maua ua ya marooon
Kisha tugonge na venta
Mambo ya kujizingua na valu
Nifunge upande kanga
Babu Juma we kwaruaa
Oh baby you are my
You are my one
My one and only yeah
Baby more
Kwa penzi lako hoi
More and more, more
Ukisha choshwa na kazi
Na kero za wanadama
Mpenzi, rudi kwangu nikuenzi
Tuzitikise bandama
Nikuchekeshe ucheke
Sijali mindojoti wako wewe
Na kwanini uteseke
Wakati me nipo kwa ajili yako wewe eeeh
Number one, you are my number one
Number one, you are my only one
Number one, you are my number one
Number one,
Nomber one aaaah
Number one aaaah
Number one, you are my only one
Number one, you are my only one
Yeah"
Bongo,Hallelujah,Diamond Platnumz ft. Morgan Heritage,Diamond Platnumz,2018,https://www.google.com/search?q=Hallelujah+lyrics,"Now I've heard there was a secret chord
That David played, and it pleased the Lord
But you dont really care for music, do you?
It goes like this, the fourth, the fifth
The minor falls, the major lifts
The baffled king composing Hallelujah
Hallelujah, Hallelujah
Hallelujah, Hallelujah
Your faith was strong but you needed proof
You saw her bathing on the roof
Her beauty and the moonlight overthrew her
She tied you to a kitchen chair
She broke your throne, and she cut your hair
And from your lips she drew the Hallelujah
Hallelujah, Hallelujah
Hallelujah, Hallelujah
Well, maybe there's a God above
As for me all I've ever learned from love
Is how to shoot somebody who outdrew you
But it's not a crime that you're hear tonight
It's not some pilgrim who claims to have seen the Light
No, it's a cold and it's a very broken Hallelujah
Hallelujah, Hallelujah
Hallelujah, Hallelujah
Instrumental
Hallelujah, Hallelujah
Hallelujah, Hallelujah
Well people I've been here before
I know this room and I've walked this floor
You see I used to live alone before I knew ya
And I've seen your flag on the marble arch
But listen love, love is not some kind of victory march, no
It's a cold and it's a broken Hallelujah
Hallelujah, Hallelujah
Hallelujah, Hallelujah
There was a time you let me know
What's really going on below
But now you never show it to me, do you?
And I remember when I moved in you
And the holy dove she was moving too
And every single breath we drew was Hallelujah
Hallelujah, Hallelujah
Hallelujah, Hallelujah
Now I've done my best, I know it wasn't much
I couldn't feel, so I tried to touch
I've told the truth, I didnt come here to London just to fool you
And even though it all went wrong
I'll stand right here before the Lord of song
With nothing, nothing on my tongue but Hallelujah
Hallelujah, Hallelujah
Hallelujah, Hallelujah
Hallelujah, Hallelujah
Hallelujah, Hallelujah
Hallelujah"
Bongo,Nataka Kulewa,Diamond Platnumz,Diamond Platnumz,2010,https://www.google.com/search?q=Nataka Kulewa+lyrics,"AM-Records
Ayaya yaya yaaa!
We niache niende niende, niende niende
We niache niende niende, niende niende
Mhhhh usiniulize kwanini
Sababu utanizinguaaa
Ukitaka jiunge na mimi
Kama ni pesa we kunywa nitanunua
Mi mwenzio sikuamini
Nikajuaga vya kuzua
Kumbe mjinga ni mimi
Ninaetunza wenzangu wanachukua
Aaah, oooh mapenzi
Mapenzi yalinifanya kama mtoto nilie vibaya
Mie siwezi ya walionikuta niache niseme jina
Ooh mapenzi, mapenzi yalinifanya katoto
Nilie vibaya na nina mengi yamenikaa moyoni
Leo nataka kulewa (lewa)
Mi nataka kulewa (lewa)
Nataka kulewa (lewa)
Zikipanda nimwage radhi
Nataka kulewa (lewa)
Mi nataka kulewa (lewa)
Nataka kulewa (lewa)
Zikipanda nimwage radhi
Ayaya yaya yaaa
We niache niende niende, niende niende
Ayaya yaya yaaa
We niache niende niende, niende niende
Mi kwa mapenzi maskini, 'kamvisha na pete kwa kumuoa
Kukata vilimi limi vya wazushi wanafiki wanaompoonda
Kumbe mwenzangu na mimii, ni bure tu najusumbua
Si tupo kama ishirini, mabuzi ving'asti wengine anawaonga
Ooh mapenzi yalinifanya kama mtoto nilie vibayaa
Mie siwezi walonikuta waniache niseme jina
Ooh mapenzi yalinifanya kama mtoto nilie vibaya
Na nina mengi, yamenijaa moyoni
Ehhh leo nataka kulewa (lewa)
Mi nataka kulewa (lewa)
Nataka kulewa (lewa)
Zikipanda nimwage ya radhi (tilalila)
Nataka kulewa (lewa, tilalila)
Mi nataka kulewa (lewa)
Nataka kulewa (lewa)
Zikipanda nimwage radhi
Ayaya yaya yaa
We niache niende niende (kulewa kulewa)
Niende niende (kulewa kulewa)
Kulewa kulewa
Weniache niende niende (kulewa kulewa)
Niende niende (kulewa kulewa)
Kulewa kulewa (iiih)
Kulewa kulewa (iiih)
Kulewa kulewa (iiih)
Kulewa kulewa (iiih)
Kulewa kulewa (iiih)"
Bongo,Zigo Remix,AY ft. Diamond Platnumz,AY,2014,https://www.google.com/search?q=Zigo Remix+lyrics,"Picha linaanza nishadata
Picha linaanza nishawaka
Picha linaanza nishachanganyikiwa
Picha linaanza nishadaata
Ooh na-na
Kweli mie
Amenikamata
Kwa jinsi navyomwangalia, akinipatia
Nami sitamuacha
Kwa nyuma ananipa mineso
Moyoni ananipa mateso
Wa kishua ila mateendo ya Ghetto
Mtamu na hapendi vya dezo
Nakulaa kwa macho
5 Star Gurl si mchezo
Ebu ooona
Ebu ooonaaa
Kweli mie
Amenikamata
Kwa jinsi navyomwangalia, akinipatia
Nami sitamuacha
Simbaa.
Ah ah
Na rangi flani ya kimanga
Lugha lafudhi ya kitanga
Usione akapita na khanga
Nyuma figisu majanga
Ana mwendo wa kungonya
Tena alivyoshona
Umbo kama katuini wa kuchora
Ah Singida Dodoma
Kitandani sodoma
Kiuno kama nyuki Dondora
Maneno ya watu sumu yana hila
Wasije leta urefarii ka mpira
Chunga katu usije ukan'zira
Nikashikwa na uchizi yaani utaahira
(Ruuuu)
Mtoto yaani mukidi mukide
Mpaka ndani shikidi shikide
Hasa akilick D lick De
Ye ndo mama Chibu D Chibu Deee
Yeeeah
Kweli mie
Amenikamata
Kwa jinsi navyomwangalia, akinipatia
Nami sitamuacha
Too sexy.Too sexy (Ya man)
A.Y- Bushee Bushee (Di Ya man)
Mungu ameumba hapa (Yah man)
Natamani nikaseme nae (Yah man)
Natamani nikaseme nae (Yah man)
A.Y- Naamini amezaliwa ili mimi ni-we naaye eh
Mpaka sasa nimechanganyikiwa mpaka yeye awe na-mi eh
Mtoto yaani mukidi mukide
Mpaka ndani shikidi shikide
Hasa akilick D lick De
Ye ndo mama Chibu D Chibu Deee
Naamini amezaliwa eh ili mimi ni-we naaye eh
Mpaka sasa nimechanganyikiwa mpaka yeye awe na-mi eh
Iwe iwe iwe
Iwe iwe hii ndoto
Mtamu mpaka utamu umepitiliza
Akikaa na wengine wana-chukiza
She can lick D (Yah man)
Ngoja niongeze bidii (Yah man)
Ukute hili zali langu (Yah man)
Nikapige masinemaree (Yah man)
Sheyatch!! Eh.
Yessayaaaah!!
Nakula kwa macho (Kwa macho)
Nakula kwa macho (Kwa macho)
Nakula kwa macho (Kwa macho)
Kweli mie
Amenikamata
Kwa jinsi navyomwangalia, akinipatia
Nami sitamuacha"
Bongo,Utanipenda,Diamond Platnumz,Diamond Platnumz,2015,https://www.google.com/search?q=Utanipenda+lyrics,"Tanta lala la
Ooh la la la la la
Mmh
Ooh Ghafla visenti sina nimerudi Tandale
Nimeshindwa kulipa BIMA nimeuza Madale
Radio nyimbo wamezima Tv ndio hataree
Umeneja umebaki jina
Hanitaki hata Tale
Oooh wale shabiki zangu
Walionisifu kwa maneno matamu
Leo maadui zangu
Ni mitusi tu kwa instagram
Kimwanaa si dada angu
Eti nae hanifahamu
Hata Harmonize nikimpigia
Ananifokea kama Sallam
Na magazeti ya nyumbani kwa kukuza habari si unajuagaa
Utasikia Tafalani eti Mondi kwa Zari amemwagwa
Navyo nilivyo mnyonge tabia ya kuwajibu sinagaa
Kama naiona michambo ya madem wa zamani nlio wapitiaga
Ooh nayosema yana maana
Sababu hakuna anaejua kesho
Anaepanga ni Rabana
Ila ameificha ni confidential
Ukisali omba sanaa
Mumeo nisije kuwa kichekesho
Maana rafiki wa jana
Aaah
Ndio adui mkubwa wa kesho
La la la la la la
Au je utanipenda gaa?
Aa La la la la la
Au nawe utanimwagaa?
Aa La la la la la
Ati utanipenda gaa ooh
Oh
Oh..
Bado naiwaza sana
Vile tunzo mashauzi airport
Je itapofika tamati
Utadiriki hata japo kunipost
Pindi show zimekwamaa
Na nikipata sijahis ni mikosi
Oooh jahazi limezama
Mola ninusulu baba
Kama namuona mwanangu
Roho yangu
Tiffa Dangote
Anakwenda na mamaangu
Kwa Jakaya Kikwete wanafukuzwa watoke
Usilie Sandra wangu
Mboni yangu
Jikaze usichoke
Huenda kesho zamu yangu
Nitavuma tena mambo yanyooke
Ey
Na magazeti ya nyumbani
Kwa kukuza habari si unajuagaa
Utasikia tafalani eti Mondi kwa Zari amemwaga (Oh yeh yeh yeh)
Navyo nilivyo mnyonge
Tabia ya kuwajibu sinaga
Kama naiona michambo ya madem wa zamani
Yani He he he
La la la la la (eh)
(Ola lala la lala)
La la la la la
(Ooh ola la la la)
La la la la la ala
Eeeh
Ola la la lilaa ooh
I say..
Kama namuona mwanangu
Roho yangu
Tiffa dangote
Ana kwenda na mama angu
Kwa mkubwa Fella anafukuzwa watoke
Usilie sandra wangu
Mboni yangu
Jikaze usichoke
Huenda kesho zamu yangu
Nitavuma tena
Mambo yanyooke(he he heee)
Eiiii
Ola lala lilaa
Oooh baby
Oooooh
Nayosema yana maana
Sababu hakuna anaejua kesho
Anaepanga ni Rabana
Ila ameificha ni confidential
Ukisali omba sana
Mumeo nisije kuwa kichekesho
Maana rafiki wa jana
Ndio adui mkubwa wa kesho"
Bongo,Kajiandae,Ali Kiba ft. M.I Abaga,Ali Kiba,2018,https://www.google.com/search?q=Kajiandae+lyrics,"Oh cherie
Usione nachelewa
Mwenzako nafanya mipango
Tupate riziki kidogo
Yo mamii
Usione nachelewa
Yote sababu mipango utasubiri kidogo
My moonlight
My sunshine
My moonlight
My moonlight
My sunshine
My moonlight
Nimekuwa kama daladala
Kutwa kuchwa kwa barabara
Kuzichanga hizo gwalagwala nikutunze mama
Nimekuwa kama daladala
Kutwa kuchwa kwa barabara
Kuzichanga hizo gwalagwala nikutunze mama
Basi mamii ooh
Kajiandae
We jiandae andae
Vunja kabati kidogo
Kajiandae
We jiandae andae
Basi mamii ooh
Kajiandae
We jiandae andae
Nikutoe out kidogo
Kajiandae
We jiandae andae
Mimi nakuja oooh
Kajiandae
We jiandae andae
Kuna foleni kidogo
Kajiandae
We jiandae andae
Mamii mamii ooh
Kajiandae
We jiandae andae
Nimepata visenti kidogo
Kajiandae
We jiandae andae
Kajiandae
Imeandikwa kila mtu na msalaba wake
Na we ndio ndo roho yangu mi nataka utoke
Alichonipa Mungu mimi unakijua
Sina haja ya kujitutumua nikaumia
Ile saa aloniachia babu unaikumbuka
Mimi niliuza jana ili tupate pesa
Kwanza uvae upendeze na tabasamu lako
Uhai kwangu mimi kwenye upini wako
Mshahara bado mashaka kazini sijalipwa
Liwezekanalo leo lisingoje kesho
We ndo raha yangu
Na mimi ndo raha yako
Umejawa roho yangu
Kajiandae
Basi mamii ooh
Kajiandae
We jiandae andae
Vunja kabati kidogo
Kajiandae
We jiandae andae
Basi mamii ooh
Kajiandae
We jiandae andae
Nikutoe out kidogo
Kajiandae
We jiandae andae
Mimi nakuja oooh
Kajiandae
We jiandae andae
Kuna foleni kidogo
Kajiandae
We jiandae andae
Mamii mamii ooh
Kajiandae
We jiandae andae
Nimepata visenti kidogo
Kajiandae
We jiandae andae
Kajiandae
Wewe na mimi mimi ooh
Ujiandaee ooh
Najua siku moja moja raha
Si haba uko nami
Kajiandae
We jiandae
We jiandae andae
We jiandae
We jiandae andae
We jiandae
We jiandae andae
We jiandae"
Bongo,Salome,Saida Karoli,Saida Karoli,2016,https://www.google.com/search?q=Salome+lyrics,"Kioo hakidanganyi mama
Umejipodoa umepodoka
Mwendo na shepu, vyote mwanana
Mimi suruali yanidondoka
Tukimbizane nini Salome wangu?
Iyo michezo ya jogoo
Mbona watizama chini salome wangu
Ukimuona jongoo
Inama kidogo, shika magoti
Mimi nimesimama kama ngongoti
Mtoto jojo, sio roboti
Chumbani bingili bingili somersault
Unanitekenyaga ukinyonga salome
Unanitekenyaga ukinyonga
Unatikenyaga ukinyonga kweli
Unanitekenyaga ukinyonga Aaaha!
Hoera makulu vane, hoera ngambe
Hoera na Zari, hoera ngambe
Utamu kolea aprookoto
Ting'ali ting'ali ndani kwa moto
Nitamnyongea, msokoto
Niteme sumu kali kama kobokoo
Eeeh Mapenzi yananipa shida
Shida maama, ni donda lisilokuwa na tiba
Tiba bwana, usije baby kanicharanga
Kanichambua moyo kama karanga
Mie baby kwenye msambwanda, huwa sienda
Ngenge ni nganganga
Unanitekenyaga ukinyonga salome
Unanitekenyaga ukinyonga
Unatikenyaga ukinyonga kweli
Unanitekenyaga ukinyonga Aaaha!
Hoera makulu vane, hoera ngambe
Hoera na Zari, hoera ngambe
Mie mwenzako nyang'anyang'a
Mie binzari we ndo nyanya
Baby kwangwaru
Isimamie kama kangaroo
Ibane kangwaru
Babu Juma mpige kwakwaru
Kwakwaru kwakwa
Chambua kama karanga sasa
Chambua kama karanga
Ichambue kama karanga Salome
Chambua kama karanga
I say washa washa moto washa
Songa songa ugali songa songa
Mpaka chini mpaka chini
Wenye wivu wajinyonge leo
Wanye wivu wajiinyonge
Wenye wivu wajinyonge Salome
Wenye wivu wajinyonge
Wenye wivu wajinyonge kweli
Wanakodoa kodo wanakodoa (macho kodo)
(Wale kodo)
Ukinyonga (wanakodoa kodo wanakodoa)
Ukisonga (wanakodoa kodo wanakodoa)"
Bongo,Kipenda Roho,Diamond Platnumz,Diamond Platnumz,2012,https://www.google.com/search?q=Kipenda Roho+lyrics,
Bongo,Nishike,Sauti Sol,Sauti Sol,2013,https://www.google.com/search?q=Nishike+lyrics,"Turn off the lights pretty baby
Put on some make love song
Turn down the noise pretty darling
Play me some Sauti Sol
Nimeshikwa na mahanjam, mahanjam
Zanipanda mahanjam
Let me whisper in your ear
Baby get me right and clear
Oooh nikushike Nikushike Nikushike baby Nikushike
Until you say aaaaaaaaaaaaaaaaaiiii
I'm gonna make you say aiyaiya
Its me and you
Baby, let's get in the mood
Hey you with a pretty little smile
I wanna see the light just shining in your eyes,
You know what to do
So, zima zima taa
Washa, washa mishumaa
Pandisha mzuka baby sasa twende kazi
Tamu kama wali wa nazi
Nakuomba baby unishike (Unishike),
Unishike mpenzi (Unishike),
Unishike (Unishike) No no no no no no no no,
Until you say aaaaaaaaai
Until you say aaaaaaaaai
Mmmh I wanna hold you tighter and sweeter
Lets make love tonight
I wanna kiss you tender and deeper
Lets make la, la, la, la, love
I wanna hold you tighter, and sweeter
Lets make love tonight
I wanna kiss you tender, and deeper
Lets make, lets make, lets make love
La la la la la la la la la la la long love babe
Lets make love
La la la la la la la la la la la long loving
And baby when you,
Tease me, tease me, tease me, tease me, te tease me baby
Put your arms around my body ey ey ey ey eeh
Uuuuuh nishike baby (Unishike)
Touch me baibe (Unishike)
Oooh hold me honey (Unishike)
Yeah yeah yeah yeah yeah yeah
Oooh nishike (Unishike)"
Bongo,Mapenzi Yanarun Dunia,Ali Kiba,Ali Kiba,2007,https://www.google.com/search?q=Mapenzi Yanarun Dunia+lyrics,"… Hey ooh ooh mmh mmh (chally)
Hey hey, heey ooh ooh
… Sikatai yule muonyesha wivu
Ndiye mwenye mapenzi ya kweli kwa mwenzi
Lakini pia uvumilivu
Na vitendo vya karaha vilimuumiza
… Mwenzio mimi ni mtulivu
Na kuiba mali ya mtu sijafunzwa
Ona dhambi lawama
Ulonipa mimi leo inaniuma eh
… Fikira zako ziko vibaya
Na kudhani ya kwamba yule demu nilimpenda
Ni kweli nilimpenda
Lakini ni kama rafiki wa mtima
… Haya ulofanya leo
Ikifika kesho utajibu nini kiama
Kwa yale yote mapendo ni kama kioo
Aliyokupa niliyaona
… Ukadhani anakusaliti kutoka kwako
Na kuwa mimi naye (mimi na yeye)
Kutokana na wako wivu
Ukadariki kumuacha ajiue
… Kwa nini why?
Unatema Big G kwa karanga za kuonjeshwa
Najua mwanamke akipenda
Huwa kapenda kweli
… Mapenzi yana-run dunia (mapenzi yana-run dunia)
Mapenzi yana-run dunia (mapenzi yana-run dunia)
Mapenzi yana-run dunia (mapenzi yana-run dunia)
Mapenzi yana-run dunia aaah (show real love)
… Mapenzi yana-run dunia (mapenzi yana-run dunia)
Mapenzi yana-run dunia (mapenzi yana-run dunia)
Mapenzi yana-run dunia (mapenzi yana-run dunia)
Mapenzi yana-run dunia (show real love)
… Feel free to love (wowoow)
Feel free to love (wowoow)
Mmh mmh (wowoow)
… Wajua kuna waliobadilisha dini
Na yote sababu ya kupenda
Na kuna walokimbia hii Dunia
Sababu hiyo hiyo kupenda
… Yule alikupenda sana
Minajua na mambo mengi umefanya ilala
Bestee wangu nilimpenda
Umefanya mpaka sasa kajiua
… Fikira zako ziko vibaya
Na kudhani ya kwamba yule demu nilimpenda
Ni kweli nilimpenda
Lakini ni kama rafiki wa mtima
… Haya ulofanya leo
Ikifika kesho utajibu nini kiama
Kwa yale yote mapendo ni kama kioo
Aliyokupa niliyaona
… Ukadhani anakusaliti kutoka kwako
Na kuwa mimi naye (mimi na yeye)
Kutokana na wako wivu
Ukadariki kumuacha ajiue
… Kwa nini why?
Unatema Big G kwa karanga za kuonjeshwa
Najua mwanamke akipenda
Huwa kapenda kweli
… Mapenzi yana-run dunia (mapenzi yana-run dunia)
Mapenzi yana-run dunia (mapenzi yana-run dunia)
Mapenzi yana-run dunia (mapenzi yana-run dunia)
Mapenzi yana-run dunia aah (show real love)
… Mapenzi yana-run dunia (mapenzi yana-run dunia)
(Hii dunia hii dunia)
Mapenzi yana-run dunia (mapenzi yana-run dunia)
(Dunia ooh ooh)
Mapenzi yana-run dunia (mapenzi yana-run dunia)
Mapenzi yana-run dunia aaah (show real love)
… Feel free to love (wowoow wowoow)
Feel free to love (wowoow wowoow)
Mapenzi yana-run dunia (wowoow wowoow)
… ... Mapenzi yana-run dunia dunia aah aah (dunia)
Ally wa real love mapenzi yana-run dunia
Eh eeh eeh (... Run dunia)
… Feel free of love (eeh eh eh)
Feel free to love (eh eh)
Feel free to love (feel feel) (eeh eh eh)
Feel free to love
Feel free to love (feel free to love)
… Feel free to love (wowoow, wowoow)
Feel free to love (wowoow, wowoow)
Feel free to love
… Feel free to love
Feel free to love
Feel free to love
Feel free to love
… Feel free to love (Chally)
Feel free to love
Feel free to love
Feel free to love eh
… Eeh eh eh, eh eeh
Eeh eh eh, eh eeh"
Bongo,Zilipendwa,"Diamond Platnumz ft. Harmonize, Rayvanny, Rich Mavoko, Lava Lava, Queen Darleen",Diamond Platnumz,2017,https://www.google.com/search?q=Zilipendwa+lyrics,"Oooh! hizo ni zama za kale
Oooh! Sangulo na pepe kale,
Zilipendwa
Eh! Kizamani, kutoa card na maua (zilipendwa)
Wanataka money ukilipa unakwarua (zilipendwa)
Ufundi kitandani, sio maguvu kujikamua (zilipendwa)
Unafika ndani, hujatomasa unachanua (zilipendwa)
Wanawake wa leo wanataka mikakati
Ukiwa mzugaji haki ya mungu huwapati (zilipendwa)
Mapenzi ya video yatakutoa kamasi
Eti nikinywa maji nakuona kwenye glass (zilipendwa)
Eeh! kupiga chabo getto (zilipendwa)
Mkono na dettol (zilipendwa)
Sunche na kapeto (zilipendwa)
Majay na Mobeto (zilipendwa)
Oooh! Hizo ni zama za kale
Oooh! Sangulo na Pepe kale
Mmm bolingo ndombolo (zilipendwa)
Twanga chipolopolo (zilipendwa)
Na maji ya kandoro (zilipendwa)
Simba wa Morogoro (zilipendwa)
Tani sipati sukari guru kabisa (zilipendwa)
Hivi yuko wapi Mb Dogg wa Latifa (zilipendwa)
Babu Tale wapi papa misifa (zilipendwa)
Siku hizi party hatuendagi Ibiza (zilipendwa)
Mpira na Pele (zilipendwa)
Tanu na Nyerere (zilipendwa)
Asha Ngedere (zilipendwa)
Arusi mabele (zilipendwa)
Eti Uuze nyumba uweke heshima bar
Eti Ulazimishe aliyekukataa
Sabuni Kicherema (zilipendwa)
Mabanda ya Cinema (zilipendwa)
Lipumba na lema (zilipendwa)
Diamond na Wema (zilipendwa)
Ooh hizo ni zama za kale (zama za zamani)
Ooh Sangulo na pepe kale (yoyoyo)
Mmm... na sogi dogg(zilipendwa)
Chanel analogy (zilipendwa)
Movie za saibogy (zilipendwa)
Van Dame, Anod (zilipendwa)
Una nibeep nikupigie umeiweka vocha (haloo)
Ule wewe nilipe mie umeniona Lofa
Tena na madada wenye majina acheni visa
Unaitwa ukale diner mnakwenda Tisa
Nywele za kichina (zilipendwa)
Pochi za kuazima (zilipendwa)
Zena na betina (zilipendwa)
Bashite gwajima (zilipendwa)
Ooh hizo ni zama za kale (zama za zamani)
Ooh Sangulo na pepe kale (yoyoyo)
Mmm Amitabh Bachchan (zilipendwa)
Tv kwa jirani(zilipendwa)
Madee Rayvany (zilipendwa)
Zari Ivan (zilipendwa)
Yanini kunichunguza naish wapi (zilipendwa)
Nala, chapati kwa maini au makange (zilipendwa)
Kutwa kunikalia chini unakamati
Oh ya Rabi masikini kuni dhihaki
Ah sampamba pangala (zilipendwa)
P Funk Kajala (zilipendwa)
Onyango na Jangala (zilipendwa)
Rufufu mkandala (zilipendwa)
Vya nini vidomo domo tutupiane tunguli
Kisa pesa za mkopo msimu wa Magufuli
Ah, Bongoman yondo (zilipendwa)
Sikinde Msondo (zilipendwa)
Magari ya Udongo (zilipendwa)
Babu wa Loliondo (zilipendwa)
Ooh hizo ni zama za kale (zilivumaga sana)
Ooh Sangulo na pepe kale (yoyoyo)
Ah Tv za kichogo (zilipendwa)
Wakina Man Dojo (zilipendwa)
____na Iyobo (zilipendwa)
Akina Hatupogo (zilipendwa)
Eti msiba ukiona Bundi unataka kupagawa
Tulale makundi makundi kuogopa popo bawa
Zuwena nitampata wapi (zilipendwa)
Zuwena wa zile nyakati eh (zilipendwa)
Kujifanya mapanga sunna wamepinda
Wengine wabeba vyuma na hakuna marinda
Iddi Amini dada(zilipendwa)
Miuno ya H Baba (zilipendwa)
Domo Chai Jabba (zilipendwa)
Michezo ya kibaba baba (zilipendwa)
Wale wapiga deal sasa hali mbaya (zilipendwa)
Hizi zama za Magufuli si za Jakaya (zilipendwa)
Ugomvi wa Mr.Nice na Dudu Baya (zilipendwa)
Vikatuni vya madenge baba ubaya (zilipendwa)
Muhogo mchungu mr.bean, wapi bambo (zilipendwa)
Wale wazamiaji wale wa melini wazee wang'ambo
Hivi yuko wapi Banjamini wa Mambo Jambo
Wa Vietnam waporini vita na Rambo
Eh ndanda Mjela jela (zilipendwa)
Kidali Kombolela (zilipendwa)
Max na Zembwela (zilipendwa)
Juma Nature na fela (zilipendwa)
Ooh hizo ni zama za kale (zama za zamani)
Ooh Sangulo na pepe kale (yoyoyo)
Mmm kamanda Daz Nunda (zilipendwa)
Kalumanzila Ndumba (zilipendwa)
Simu za Dole gumba (zilipendwa)
Johari na Kanumba (zilipendwa)
Wasafii
Zilipendwa, zilipendwa
Zilipendwa, zilipendwa
Ohlilelelileeee
Zilipendwa"
Bongo,Naomba,Lady Jaydee,Lady Jaydee,2016,https://www.google.com/search?q=Naomba+lyrics,
Bongo,Malaika,Nyashinski,Nyashinski,2016,https://www.google.com/search?q=Malaika+lyrics,"Malaika
Nakupenda malaika
Malaika
Nakupenda malaika
Ningekuoa mali we
Ningekuoa dada
Nashindwa na mali sina we
Ningekuoa malaika
Nashindwa na mali sina we
Ningekuoa malaika
Pesa
Zasumbua roho yangu
Pesa
Zasumbua roho yangu
Nami nifanyeje, kijana mwenzio
Nashindwa na mali sina we
Ningekuoa malaika
Nashindwa na mali sina we
Ningekuoa malaika
Kidege
Hukuwaza kidege
Kidege
Hukuwaza kidege
Nami nifanyeje, kijana mwenzio
Nashindwa na mali sina, we
Ningekuoa malaika
Nashindwa na mali sina, we
Ningekuoa malaika
Malaika
Nakupenda malaika
Malaika
Nakupenda malaika
Nami nifanyeje, kijana mwenzio
Nashindwa na mali sina we
Oh, ningekuoa malaika
Nashindwa na mali sina we
Yes, I love you my angel
I said, I love you my angel
Ningekuoa malaika
Ningekuoa malaika"
Bongo,Nataka Nimuone,Mr. Nice,Mr. Nice,2005,https://www.google.com/search?q=Nataka Nimuone+lyrics,
Bongo,Nitakupwelepweta,Bushoke,Bushoke,2005,https://www.google.com/search?q=Nitakupwelepweta+lyrics,
Bongo,Zigo,AY ft. Diamond Platnumz,AY,2014,https://www.google.com/search?q=Zigo+lyrics,"Verse 1 – AY
Picha linaanza nshadata
Picha linaanza nshawaka
Picha linaanza nshachanganyikiwa
Picha linaanza nshadata
Ukweli mie amenikamata
Kwa jinsi navyomuangalia
Akinipatia nami sitamuacha
Kwa nyuma ananipa mineso
Moyoni ananipa mateso
Wa kishua ila matendo ya ghetto
Mtamu na hapendi vya dezo
Nakula kwa macho, 5 star girl si mchezo
Emu ona, emu ona

Chorus – AY
Ukweli mie amenikamata
Kwa jinsi navyomuangalia
Akinipatia nami sitamuacha

Verse 2 – Diamond Platnumz
Aa aah ana rangi flani ya kimanga
Lugha lafudhi ya kitanga
Usiombe akapita na khanga (wu!)
Nyuma figusu majanga (wu!)
Ana mwendo wa kung’onya
Tena alivyoshona
Umbo kama katuni wa kuchora
Aah Singida-Dodoma, kitandani Sodoma
Kiuno kama nyuki, dondora
Maneno ya watu sumu yana hila
Wasije leta referee ka mpira
Chunga katu usije ukanzira
Nkashikwa na uchizi yaani utaila
(Rooh!)
Mtoto yani mukidi mukide
Mpaka ndani shigidi shigide
Hasa aki-lick D, lick De
Ye ndo mama Chibudi Chibude eh

Chorus – AY
Ukweli mie amenikamata
Kwa jinsi navyomuangalia
Akinipatia nami sitamuacha

Bridge 1 – AY
Too se-too sex yeah man
Buzye-buzye ni amani
Mungu ameumba hapa, yeah man
Natamani nikaseme nae, yeah man
x2

Bridge 2 - AY
Naamini amezaliwa ili mimi niwe nae eh
Mpaka sasa nimechanganyikiwa
Akaja ye awe nami

Diamond Platnumz
Mutoto yani mukidi mukide
Mpaka ndani shigidi shigide
Hasa aki-lick D, lick De
Ye ndo mama Chibudi Chibude eh

AY
Naamini amezaliwa ili mimi niwe nae
Mpaka sasa nimechanganyikiwa
Akaja ye awe nami

Iwe iwe iwe
Iwe iwe hii ndoto
Ni tamu mpaka utamu umepitiliza
Akikaa na wengine wanachukiza
Shika leka dige yeah man
Ngoja niongeze bidii yeah man
Ukute hili zali langu yeah man
Nikapige masinema nae yeah man
Sheaaa!

Bridge 3 – AY
Yessaya!
Nakula kwa macho
Kwa macho
Nakula kwa macho
Kwa macho
Nakula kwa macho
Kwa macho

Chorus – AY
Ukweli mie amenikamata
Kwa jinsi navyomuangalia
Akinipatia nami sitamuacha"
Bongo,Mwana,Ali Kiba,Ali Kiba,2013,https://www.google.com/search?q=Mwana+lyrics,"Mali ni nyingi nyumbani kipi kimekukimbiza
Ona babio mamio wote wanakulilia
Mtoto peke yako nyumbani kipi kimekukimbiza
Ona babio mamio wote wanakulilia
Ndani ya Dar es Salaame ulikuja bure
Tena kimwana kimwana hujui Kuchuna
Na zile lawama za wale waliokuzoweza
Ulikuja jana na leo tofauti sana
Tena Bora yule wa Jana, wa leo tofauti sana
Dakika mbili mbele nyuma kichwa kinauma
Tena Bora yule wa Jana, wa Jana leo wa Jana
Dakika mbili mbele nyuma kichwa kinauma
Mbona unawatesa sana
Omamee omamee omamee yaya mamee
Omamee omamee omamee yaya mamee
Mbona unawatesa sana
Omamee omamee omamee yaya mamee
Omamee omamee omamee yaya mamee
Ukaanza kulewa madawa kuvuta kwa sana
Ndani ya Dar es Salaam mambo mataam Hayakukuisha
We bado mtoto kwa mama hujayajua mengi
Mwenda tezi na omo marejeo ngamani
Amesema sana mama dunia tambara bovu
Kuna asali na shubiri, ujana giza na nuru
We mwana wewe mwana, mwana jeuri sana
Ulichokifuata huku pata, umekosa ulivyoacha
Kwa baba yako mwana, na mama yako mwana
Kwa vichache ulivyo vitaka, nivingi ulivyoacha
Mbona unjitesa sana
Omamee omamee omamee yaya mamee
Omamee omamee omamee yaya mamee
Mbona unawatesa sana
Omamee omamee omamee yaya mamee
Omamee omamee omamee yaya mamee
Right, Man Walter
Chiks vallo, combinenga
Pertio loso guitar
Unaleta lawama, wewe unaleta lawama
Unaleta lawama, wewe unaleta lawama
We mwana uwooo
Uchungu wa mwana aujuae mzazii
Siku zote milele
Analiaaa ooh
Kutwa nzima analalama iyee
Obaba mama yakoo
We mwana rudieee
Watafurahi wakikuona
Umerejea salamaa
Omamee omamee omamee yaya mamee
Omamee omamee omamee yaya mamee
Omamee omamee omamee yaya mamee
Omamee omamee omamee yaya mamee"
Bongo,Bado,Harmonize ft. Diamond Platnumz,Harmonize,2016,https://www.google.com/search?q=Bado+lyrics,"Kutwa kidomo wazi, nikifuta na machozi
Huku namuomba Mola unitoke moyoni
Ila ndo siwezi, nakesha ka mlinzi
Maana hata nkilala unaniijia ndotoni (bado)
Asante kwa kuniumiza
Nimejifunza mengi, mwanzo sikuyajua
Katu, naapa kutolipiza
Ila mwambie mapenzi abaki kuyasikia, eeeh
Nakumbuka maneno yako
Hutonikimbia, utabaki nami
Tena ukala na viapo, Taurat, Bibilia
Leo sikuoni ila mwenzako bado
Mwambie bado
(Bado bado, sijapona)
Ila mwenzako bado
Mmh bado
(Bado bado, sijapona)
Misijapona roho
Aa-ah Mola nishike mkono Baba Muumba
Haya ninayoyaona, simanzi
Ah, yaani bora jicho mchanga ningefumba
Huenda ningeshapona, maradhi
Oh maumivu yangu, hayawezi kupona kwa vidonge
Sababu panaponichoma, nikipapasa sipaoni
Kweli peke yangu, umeniacha na unyonge
Kabisa wakanipokonya tonge langu mdomoni
Ona, nakumbuka maneno yako
Hutonikimbia, utabaki nami
Oh, mi ndo mwili, mi roho yako
Yaani umetimia, mbona sikuoni
Ila mwenzako mimi
(Bado bado, bado bado)
Mmh, nambie
(Bado bado, sijapona)
Ila mwenzako bado
(Bado bado, bado bado)
Mmh bado
(Bado bado, sijapona)
Ile roho yangu mama (ibebe)
Inandondoka (ibebe)
Iokote mama (ibebe)
(Chaukucha nsije zima)
Uh roho yangu (ibebe)
Inandondoka (ibebe)
Njoo unshike mama (ibebe)
(Chaukucha nsije zima)
Ah aah, ai wewe (ibebe)
Watanizika mama (ibebe)
Mwenzio taabani (ibebe)
(Chaukucha nsije zima)
Masikini pendo langu (ibebe)
Linandondoka (ibebe)
Niokote mama (ibebe)
(Chaukucha nsije zima)
Ibebe, ibebe
Ibebe, Chaukucha nsije zima
Ibebe, ibebe
Ibebe, Chaukucha nsije zima"
Bongo,Barua,Bahati,Bahati,2013,https://www.google.com/search?q=Barua+lyrics,"Bahati tena eh
Ni furaha Iliyoje Baba naitoa moyoni.
Na Ni furaha iliyoje kwako uisike hewani.

Ni barua ngapi nimeandika kwa njia ya muziki?
Na nyimbo ngapi nimeandika zisizo za riziki?,
Ni barua ngapi nimeandika kwa njia ya muziki?,
Nina nyimbo ngapi nimeandika zisizo za riziki?,
Nikikuita mpenzi mpenzi mpenzi,
Nikikuita daddy,
Nikikuita mpenzi mpenzi mpenzi,
Nikikuita daddy,

Kufunga nikafunga ila siri sitaki wajue,
Msamaha nikaomba kwa magoti nisikuzingue,
Kufunga nikafunga ila siri staki wajue,
Msamaha nikaomba kwa magoti nisikuzingue,
Nikikuita mpenzi mpenzi mpenzi,
Nikikuita daddy,
Nikikuita mpenzi mpenzi mpenzi
Nikikuita Daddy,

Barua yangu ya apenzi nimeona niimbe,
Barua yangu ya mapenzi nimeona niandike,
Barua yangu ya mapenzi nimeona niimbe,
Barua yangu ya mapenzi nimeona niandike,
Nikikuita mpenzi mpenzi mpenzi,
Nikikuita Daddy,
Nikikuita mpenzi mpenzi mpenzi,
Nikuita Daddy,

Ooh kama mapenzi msalabani ulifanya zaidi,
Na kama kipaji, kwa burudani umekuwa nami,
Ooh kama mapenzi msalabani ulifanya zaidi,
Na kama kipaji wa burudani umekuwa nami
Kuna wengi wanaodai mapenzi kumbe walaghai,
Wana badili face kama kinyonga kamwe hawafai,
Kuna wengi mjini wanaodai mapenzi kumbe hawafai,
Wana badili face kama kinyonga kamwe hawafai,

Nikikuita mpenzi mpenzi mpenzi
Nikikuita daddy,
Nikikuita mpenzi mpenzi mpenzi,
Nikikuita daddy,

Barua yangu ya mapenzi nimeona niimbe,
Barua yangu ya mapenzi nimeona niandike,
Barua yangu ya mapenzi nimeona niimbe,
Barua yangu ya mapenzi nimeona niandike,
Nikikuita mpenzi mpenzi mpenzi,
Nikikuita daddy,
Nikikuita mpenzi mpenzi mpenzi,
Nikuita daddy,

Nikikuita mpenzi mpenzi mpenzi,
Nikikuita daddy,
Nikikuita mpenzi mpenzi mpenzi,
Nikuita daddy,
Nikikuita mpenzi mpenzi mpenzi,
Nikikuita daddy,
Nikikuita mpenzi mpenzi mpenzi,
Nikuita daddy,"
Bongo,Nataka Kufika,Ommy Dimpoz ft. Vanessa Mdee,Ommy Dimpoz,2015,https://www.google.com/search?q=Nataka Kufika+lyrics,
Bongo,Aje,Ali Kiba,Ali Kiba,2017,https://www.google.com/search?q=Aje+lyrics,"Yeah,
Oh yeah,
Wooah,
Ucheshi na sauti,
Amenifanya nammisi tu
Mwambie asiogope,
Ali ni kipenzi cha watu
Tafanya party nyumbani,
Yoyote kwa ajili yake
Tena asije pekee yake,
Asiogope aje na wenzake
Tafanya party nyumbani,
Yoyote kwa ajili yake
Tena asije pekee yake,
Asiogope aje na rafiki zake
Basi mwambie aje (aje)
Oh aje (aje)
Aje na rafiki zake (aje)
Hasije pekee yake (aje)
Oh aje (aje)
Aje oh aje (aje)
Aje jamani aje (aje)
Aje nammiss aje (aje)
Uzuri wake timilifu, nishamwona na watu maarufu tu,
Kina wema sepetu, nikaomba namba bichwa kanishusha shuu,
Ilinikosesha raha, lulu naye kamdanganya,
Kwamba mi ni wa kwake, aniogope tena hasinichekee
Ilinikosesha raha, lulu naye kamdanganya,
Kwamba mi ni wa kwake, aniogope tena hasinichekee
Basi mwambie aje (aje)
Oh aje (aje)
Aje na rafiki zake (aje)
Hasije pekeake (aje)
Oh aje (aje)
Aje oh aje (aje)
Aje jamani aje (aje)
Aje nammiss aje (aje)
Oh aje, aje na rafiki zake huyo,
Ohhhh
Aje leo, leo oh aye,
Mwambie, ama ni french girl
Niiongee nae hee
Viens mon amour
Je suis quelque du bien
Je vais veille sur moi
Et toi tu vas veille sur moi
C'est toi mal joie
Je ne peux etre content sans toi
Je vais veille sur toi
Je suis quelque du bien
Je vais veille sur moi
Et toi tu vas veille sur moi
C'est toi mal joie
Je ne peux etre content sans toi"
Bongo,Nibebe,P-Unit ft. Collo,P-Unit,2011,https://www.google.com/search?q=Nibebe+lyrics,"Nibebe nibebe nibebe nibebe
Nibembeleze nibebe, eh Yesu unibebe
Nichukue unibebe
Mikononi mwako niwe salama
Nibebe nibebe nibebe nibebe
Nibembeleze nibebe, eh Yesu unibebe
Nichukue unibebe
Mikononi mwako niwe salama
E mungu angalia kunena kwangu,
Na usikie sauti ya kilio changu
Moyo wangu umechoka sana baba,
Kwa ajili ya wingi wa mateso yangu
Nafsi yangu imegandamana na mavumbi
Niokoe mikononi mwa midomo ya mbwa
Kwanini ninateswa sana kwa ajili yako babaga
Niokoe mikononi mwa watu wabaya
fanya hima unisaidie nibebe
Nibebe nibebe nibebe nibebe
Nibembeleze nibebe, eh Yesu unibebe
Nichukue unibebe
Mikononi mwako niwe salama
Nimechoka peke yangu
Safari ngumu no ndefu nibebe
Nibebe nibebe nibebe nibebe
Nibembeleze nibebe, eh Yesu unibebe
Nichukue unibebe
Mikononi mwako niwe salama
Macho yangu yamedhoofukwa machozi
Kwani mateso yangu hayapimiki kwa mizani
Kwa kuwa aliyenitukana siye adui yangu
bali ni rafiki yangu tuliyejuana naye sana
Tulikula pamoja, tulisali pamoja, kanisani pamoja
Bwana asifiwe kwa sana
Kumbe mwenzangu alikusudia kuniangamiza
Nibebe nibebe nibebe nibebe
Nibembeleze nibebe, eh Yesu unibebe
Nichukue unibebe
Mikononi mwako niwe salama
Kweli nimeamini adui wa kwanza ni yule wa nyumbani mwako
Nibebe nibebe nibebe nibebe
Nibembeleze nibebe, eh Yesu unibebe
Nichukue unibebe
Mikononi mwako niwe salama
Hata nliowasaidia nao wamenishuhudia uongo
Nibebe nibebe nibebe nibebe
Nibembeleze nibebe, eh Yesu unibebe
Nichukue unibebe
Mikononi mwako niwe salama
Wengine wakinibeba nitaambulia matatizo, yesu nibebe
Dunia ikinibeba itanipeleka jehanamu, yesu nibebe
Marafiki wakinibeba watanipeleka pabaya, yesu nibebe
Baba nibebe, yesu nibebe,
Nibembeleze nibebe, nichukue mbinguni salama
Nibebe nibebe nibebe nibebe
Nibembeleze nibebe, eh Yesu unibebe
Nichukue unibebe
Mikononi mwako niwe salama
Nimechoka pekee yangu safari ngumu siwezi
Nibebe nibebe nibebe nibebe
Nibembeleze nibebe, eh Yesu unibebe
Nichukue unibebe
Mikononi mwako niwe salama
Nifike mbinguni nimwone Eliya (Amen)
Nifike mbinguni nimwone Yakobo (Amen)
Pamoja na kiti cha enzi mbinguni kwa baba(Amen)
Kwa njia za dhahabu nami nakatembelee(Amen)
O baba nibebe, yesu nibebe,
Nibembeleze nibebe, nichukue mbinguni salama
Nibebe nibebe nibebe nibebe
Nibembeleze nibebe, eh Yesu unibebe
Nichukue unibebe
Mikononi mwako niwe salama
Nakwita Yesu unibebe mwokozi
Nibebe nibebe nibebe nibebe
Nibembeleze nibebe, eh Yesu unibebe
Nichukue unibebe
Mikononi mwako niwe salama
Nifike mbinguni nikamwone baba (Amen)
Nifike mbinguni nakapumzike (Amen)
Katika kiti cha enzi nami nikasujudie (Amen)
Niwaone wenzangu wale walionitangulia (Amen)
Nikale matunda ya mti wa uzima (Amen)
Yesu nibebe, baba nibebe,
Nibembeleze nibebe nichukue mbiguni salama
Nibebe nibebe nibebe nibebe
Nibembeleze nibebe, eh Yesu unibebe
Nichukue unibebe
Mikononi mwako niwe salama
Nimechoka pekee yangu dunia ngumu pekee yangu siwezi
Nibebe nibebe nibebe nibebe
Nibembeleze nibebe, eh Yesu unibebe
Nichukue unibebe
Mikononi mwako niwe salama
Nimechoka pekee yangu safari ngumu ni ndefu siwezi
Nibebe nibebe nibebe nibebe
Nibembeleze nibebe, eh Yesu unibebe
Nichukue unibebe
Mikononi mwako niwe salama
Nibebe nibebe nibebe nibebe
Nibembeleze nibebe, eh Yesu unibebe
Nichukue unibebe
Mikononi mwako niwe salama"
Bongo,Ndoa,Ali Kiba,Ali Kiba,2014,https://www.google.com/search?q=Ndoa+lyrics,"Ndoa ni mpango takatifu tangu mwanzo,
Ujumbe njema, utokao kwa baba,
Yahatijika hekima kuitunza,
Hadi kifo kiwatenganishe
Ndoa ni mpango takatifu tangu mwanzo,
Ujumbe njema, utokao kwa baba,
Yahitajika hekima kuitunza,
Hadi kifo kiwatenganishe,

Mke si kidude cha kujaribu miguu yako
Mume si kipaza sauti cha kupigia kelele
Mpendaneni, msichokozane
Amani ya bwana iwe ndani yenu
Mke si kidude cha kujaribu miguu yako
Mume si kipaza sauti cha kupigia kelele
Mpendaneni, msichokozane
Amani ya bwana iwe ndani yenu

Kazi kwenu sasa maishani mwenu
Mdumu milele kwenye upendo wa yesu
Ni mungu pekee aweza kuwalinda
Na kutatua mashaka yenu ya maisha
Kazi kwenu sasa maishani mwenu
Mdumu milele kwenye upendo wa yesu
Ni mungu pekee aweza kuwalinda
Na kutatua mashaka yenu ya maisha

Muwe mfano bora kwa watoto wenu
Waonyeshe njia ile ya uzima ya wokovu
Nanyi watoto wote watiini wazazi wenu
Mibaraka yake mungu tawakirimia
Muwe mfano bora kwa watoto wenu
Waonyeshe njia ile ya uzima ya wokovu
Nanyi watoto wote watiini wazazi wenu
Ni baraka yake mungu tawakirimia

Mke si kidude cha kujaribu miguu yako
Mume si kipaza sauti cha kupigia kelele
Mpendaneni, msichokozane
Amani ya bwana iwe ndani yenu
Mke si kidude cha kujaribu miguu yako
Mume si kipaza sauti cha kupigia kelele
Mpendaneni, msichokozane
Amani ya bwana iwe ndani yenu
Amani ya bwana iwe ndani yenu
Ni baraka yake mungu tawakirimia
Amani ya bwana iwe ndani yenu"
Bongo,Tutaonana Tena,Ali Kiba,Ali Kiba,2012,https://www.google.com/search?q=Tutaonana Tena+lyrics,"Cheptab hails from the Rift Vallry Province. She finished high school in Kericho town before making her way to Nairobi to persue her music and theatre passions. Having gained stage experience through the National Music and Drama Festivals, Cheptab's first introduction to rehearsing and performing with a live band was through the Spotlight programme. Since arriving in Nairobi five years ago, Cheptab has worked as a volunteer with youth organizations, honed her music and acting skills through workshops and is currently script writing and acting in a local TV series on the life of school students. 'Tutaonana Tena (We will meet again) is a melodious Kiswahiil love song.
lyrics
Ni machozi inayo nifanya nisiwe na nguvu
Jinsi mambo inavyo niendea mrama
Tafadhali nishike mkono niongoze ...
Wee ongoza

Nina ndoto nyingi ningependa kutimiza
Njia ya kupata ndio mimi sijui tu
Tafadhali nishike mkono niongoze...
Wee ongoza

Tutaonana tena
Tutaonana tena
Tutaonana tena
Mola akitujalia...iyee

Kiralany tuloknok awendi en oret
Kotomo anyoru chito neuinye,
ongen kole kiiringalan ile ichomou
Imaan. Koting'olon, mwonon asi anainyee
Kotichomon inyee
Mating' alaan

Koting'olou, mwowon asianai kotowendi
Kotomerenyonee ameroweksei kong'ung
Mwowou asianai, kotowendi moroweksei
Saisere tuntoketusitosi imaan
Kokomukwech Kiptaiyat"
Bongo,Sikuoni,Dogo Janja,Dogo Janja,2017,https://www.google.com/search?q=Sikuoni+lyrics,"Yeah... B O B shorobaro
Oh haha (yeah) oh yeah
Nakuomba unanitosa wakati mimi sina kosa
Elewa unanichosha mamlaka nitoe posa
Bila wewe siwezi uhai wa kazi gani
Sina hali ya uzima come on
Rudi nyumbani
Angalia mwenzako natokwa machozi ya damu
Unanikatalia sababu mimi sio handsome
Na miss utundu wako na miss pozi zako
Na miss vitu vingi kwangu hakuna zaidi yako
Mummie uh nilikupa ngazi ya juu
Nilifahamu utatesa moyo wangu
Majukumu nilishachoka kwako vikopa kopa
Njoo unipe mapenzi hah si unaogopa ogopa
Alikiba mi nalia sikuoni mwenzio
Sana nimevumilia aaah
Nielewe mummy njoo
Ukiniona nalia
Naumia wangu moyo
Na baridi naumia aah
Nipe joto Mummy njoo
Alikiba mimi nalia sikuoni mwenzio
Sana nimevumilia aaah
Nielewe mummy njoo
Ukiniona nalia
Naumia wangu moyo
Na baridi naumia aah
Nipe joto Mummy njoo
Nikizungumzia mapenzi alright
Nimzungumzia shetani wa mahaba
Asiyependa kumuona AliKiba
Akiwa nawe milele mpaka kufa
Lakini sikuonii hii
Mimi nakutafuta mji mzima
Nakutafuta hewani
Nikipiga simu yako unazima
Where are you Mummy njoo?
Nikudalike kidali poh
Wasaka mmerahaa
Basi njoo tucheze kombolela Wananicheka everyday nalia
Hawajua ninacholilia
Wanasema una Hirizi ya haula
Wana nichek nikilia wacha nilieee
Alikiba mi nalia sikuoni mwenzio
Sana nimevumilia aaah
Nielewe mummy njoo
Ukiniona nalia
Naumia wangu moyo
Na baridi naumia aah
Nipe joto Mummy njoo
Alikiba mimi nalia sikuoni mwenzio
Sana nimevumilia aaah
Nielewe mummy njoo
Ukiniona nalia
Naumia wangu moyo
Na baridi naumia aah
Nipe joto Mummy njoo
Ni mazingira mengi wajua
Ninavyohangaika na jua
Kali la mchana lachoma
Akili yangu yote ishanoa
Ni kweli ukizungumzia mapenzi alright
Wazungumzia shetani wa mahaba
Ila kwa penzi lako walilinda
The way unavyofanya unaringa
Lakini sikuoni mi nakutafuta mji mzima
Nakutafuta hewani nikipiga simu yako umezima
Where are you Mummy njoo?
Nikudalike kidali poh
Wasaka mmerahaa
Basi njoo tucheze kombolela
Alikiba mi nalia
Alikiba mi nalia
Sikuoni mwenzio
Sana nimevumilia
Nielewe mammy njoo oh, oh
Sikuoni mwenzio
Alikiba, B.O.B, Shorobaro"
Bongo,Sina Makosa,Les Wanyika,Les Wanyika,2003,https://www.google.com/search?q=Sina Makosa+lyrics,"Hasira za nini wee bwana
Hasira za nini wee bwana
Wataka kuniua bure baba
Wataka kuniua bure baba
Yule si wako
Nami si wangu
Chuki ya nini kati yangu
Mimi na wewe
Chuki ya nini kati yangu
Mimi na wewe
Hasira za nini wee bwana
Hasira za nini wee bwana
Wataka kuniua bure baba
Wataka kuniua bure baba
Kwako hayuko
Kwangu hayuko
Chuki ya nini kati yangu
Mimi na wewe
Chuki ya nini kati yangu
Mimi na wewe
Hasira za nini wee bwana
Hasira za nini wee bwana
Wataka kuniua bure baba
Wataka kuniua bure baba
Wewe una wako nyumbani
Nami nina wangu nyumbani
Chuki ya nini kati yangu
Mimi na wewe
Chuki ya nini kati yangu
Mimi na wewe
Nasema sina makosa wee bwana
Sina makosa wee bwana
Sina makosa wee bwana
Sina makosa wee bwana"
Bongo,Unanimaliza,AY ft. Sauti Sol,AY,2016,https://www.google.com/search?q=Unanimaliza+lyrics,"Kim mamba on the beat
Hili hubaaa limenisafirisha maziama
KwDunia yangu me na wew tuwe wote me naww Halitofubaa mbali c tutafka lazma nakwenye moyowangu uko ww Tuwe wote me naww.
yan kchwan nakuwaza ww naona najiingiza mazma nn umenipa ww ona midad inaniita Nina iman nikiwa naww napona hata bila kupma nn umenipa ww ona midad inaniita..
nanilivo didimia una chuchumia penz lako nipewe vile unang’ang’ania me napenda pia unafanya nilewee
unanimalizia x4
aahaaa lody music on this one
Napumlia mipira nitapo kukosa nitashndwa hata kufkiri nakuwaza we unaniweza me Penzi linapata mavuno
unavonipenda mpk Raha ninatoaPosa cwez kufanya Siri Nataka kuwa nawe unataka kua na me wanga wanawashwa mikuno Yan mpk Raha
Napendwa, Nalishwa, Naogeshwa na vshwa Nguo Yan mpk nampenda
na nnavyo aminishwa kabsa kwamba chaguo lake kbsa kanipenda x2
UNANIMALIZA x4"
Bongo,Nipepee,Ali Kiba,Ali Kiba,2018,https://www.google.com/search?q=Nipepee+lyrics,"Hewallah
Mungu kanipa nilichomuomba
Mashallah
Raha
Na wala
Si shriki huba tulimenisomba
Nala nalala
Jamani rahaa
Ntakulinda kwa kunuti
Nitapigana jihadi
Pendo liwe madhubuti
Wasiingie waganga,
Wapambe vigurushuti
Wape chai kwenye jagi
Yetu tamu biscuit
Wasitie mchanga
Penzi letu basikeli kaa bomba la mbele
Pia, ulipige mabusu
Liwachome kwelikweli wenye viherehere
Pia, wakome yasowahusu
Baby zima feni (Nipepee)
Nimeleta kipepeo unipepee
Leo zima feni (Nipepee)
Nimeleta kipepeo unipepee
Zima niyoyozi (Nipepee)
Nimeleta kipepeo unipepee
Zima feni (Nipepee)
Nimeleta kipepeo unipepee
Tuoge ya vuguvugu
Maji ya baridi siyawezi
Si unanijua
Nnaugonjwa wakutetemeka
Nisugue sugusugu
Ongeza zaidi kunienzi
Kuneng'emua
Kwa ngonja pita njopeka
Fanya nizidi nkupende
Niwe wapeke yako daima
Iwe bigwa mwalusembe
Shamba langu lako nalima
Huba tufunge ngengenge
Tuwape na viapo karma
Ili wakupiga denge
Tamu pendo wasitie sumu
Penzi letu baiskeli kaa bomba la mbele
Pia, ulipige mabusu
Liwachome kweli kweli wenye viherehere
Pia wakome yasowahusu
Baby zima feni (Nipepee)
Nimeleta kipepeo unipepee
Leo zima feni (Nipepee)
Nimeleta Kipepeo Unipepee
Zima kiyoyozi (Nipepee)
Nimeleta kipepeo Unipepee
Zima feni (Nipepee)
Nimeleta kipepeo unipepee
Ntakulinda kwa kunuti
Nitapigana jihadi
Pendo liwe madhubuti
Wasiingie waganga,"
Bongo,Nai Nai,Otile Brown,Otile Brown,2018,https://www.google.com/search?q=Nai Nai+lyrics,"Hey, dum dum di da di
Always in ma mind (She always in ma mind)
Nai Nai,
Haki ya Mungu, Wallahi, ninakuzimia
I was shy (shy), do you remember that day, niliokutokea
Wanasema why (why), penzi lako sikatai (tai), limenikolea
Ushantoa nishai (shai), wengine hawafai (fai), nimejionea
Ah nyota haing'ai (ng'ai), bila we haing'ai (ng'ai), unaniwezea
Jamani why (why), why (why), why (why)
I feel to die (die), die (die), die (die)
Jamani why (why), why (why), why (why)
Nai Nai, (eh)
Ukinikubali sikatai, jua ni wewe in ma mind (we in ma mind)
Ukinipa sikatai, nakupenda sana you're always in ma mind (we in ma mind)
Always in ma mind, swagga zinanimaliza
Always in ma mind (always in ma mind)
Shopping twende Thai (Thai), iwe China au Dubai (bai), nitagharamia
Walosema hufai (fai), wako wapi walaghai (ghai), wangetubania
Mwanzo najidai (dai), kuwa nawe najidai (dai), nakupenda dear
Nipe nifurahi (furahi), nipe yote nifurahi, wangu malkia
Motema na ngai (ngai), we sukari mi ndo chai (chai), umenikolea
Jamani why (why), why (why), why (why)
I feel to die (die), die (die), die (die)
Jamani why (why), why (why), why (why)
Nai Nai, (eh)
Ukinikubali sikatai, jua ni wewe in ma mind (we in ma mind)
Ukinipa sikatai, nakupenda sana you're always in ma mind (we in ma mind)
Always in ma mind, swagga zinanimaliza
Always in ma mind (always in ma mind)
Uuh,
you're always in ma mind (you're always in ma mind )
you're always in ma mind (you're always in ma mind )
You're uuuh
You're always in ma mind
Hey
Uuh uuh
You're always in ma mind
Oooh
I need you
You're always
You're always in ma mind
You're always
Yeah
Nai Nai, (eh)
Ukinikubali sikatai, jua ni wewe in ma mind (we in ma mind)
Ukinipa sikatai, nakupenda sana you're always in ma mind (we in ma mind)
Always in ma mind, swagga zinanimaliza
Always in ma mind (always in ma mind)
Ommy Dimpoz
Dimpoz Kwa Poz
Super Handsome
Dimpoz Kwa Poz
Poz Kwa Poz
Ali K for Real
G Records
KGT
KGT Shadeed
Jamani why (why), why (why), why (why)
I feel to die (die), die (die), die (die)
Jamani why (why), why (why), why (why)"
Bongo,Nipe Nikupe,Barnaba,Barnaba,2016,https://www.google.com/search?q=Nipe Nikupe+lyrics,"Nipe nikupe wee,
Nipe nikupe wee,
Nipe nikupe wee,
Nipe nikupe wee,
Nipe nikupe ndio mchezo wa Mombasa.
Nipe nikupe ndio mchezo wa kisasa. Unavitaka vya Kwangu vyako wavibania,
Mwenye kupenda vya watu na vyake pia huliwa,
Wewe Kisha pewa kitu haraka unakimbia.
Nipe nikupe wee,
Nipe nikupe wee,
Nipe nikupe wee,
Nipe nikupe wee,
Nipe nikupe ndio mchezo wa Mombasa.
Nipe nikupe ndio mchezo wa kisasa."
Bongo,Nishaachaga,Snura,Snura,2016,https://www.google.com/search?q=Nishaachaga+lyrics,
Bongo,Nishike Mkono,Darassa ft. Ben Pol,Darassa,2017,https://www.google.com/search?q=Nishike Mkono+lyrics,"Safari ya imani, nakutazama yesu
Nataka nifike ng'ambo salama
Lakini njiani mawimbi ni mengi
Mashaka yanisonga kuniangamiza
Oh, oh, oh, nishike mkono nisizame
Mawimbi ni mengi, niokoe
Oh, oh, oh, nishike mkono nisizame
Mawimbi ni mengi, niokoe
Mawimbi ni makali nahitaji msaada
Nishike Mwokozi niwe salama
Wewe ulieniita nakuja kwa neno lako
Napata kutembea kwa neno lako
Oh, oh, oh, nishike mkono nisizame
Mawimbi ni mengi, niokoe
Oh, oh, oh, nishike mkono nisizame
Mawimbi ni mengi, niokoe
Safari ya imani, natembea kwa imani
Zambi isinishinde, nisaidie
Katika majaribu makali kama moto
Najua nitatoka kama dhahabu
Oh, oh, oh, nishike mkono nisizame
Mawimbi ni mengi, niokoe
Oh, oh, oh, nishike mkono nisizame
Mawimbi ni mengi, niokoe
Oh, oh, oh, nishike mkono nisizame
Mawimbi ni mengi, niokoe
Nishike mkono nisizame
Mawimbi ni mengi, niokoe
Nishike mkono nisizame
Mawimbi ni mengi, niokoe
Nishike mkono nisizame
Mawimbi ni mengi, niokoe"
Bongo,Ndi Ndi Ndi,Jaguar,Jaguar,2012,https://www.google.com/search?q=Ndi Ndi Ndi+lyrics,"Ze ndi ndi ndi, toli ndi
Ndi ndi ndi ndi, toli ndi
Ze ndi ndi ndi, toli ndi
Ndi ndi ndi ndi, toli ndi
Ukanipa nafasi kuendelea
Na sababu ya kuamini
Unatakiwa uishi oh
Bila kujali wanafikiria nini?
Mmh sababu
Siangalii nyuma
Na sitorudi nyuma
Fondo nura fizo so mya
Ndoto zimetimia
Ze ndi ndi ndi (navyo-roll, navyo-flow, navyo-grow), toli ndi
Ndi ndi ndi ndi (navyo-roll, navyo-flow, navyo-grow), toli ndi
Ze ndi ndi ndi (navyo-roll, navyo-flow, navyo-grow), toli ndi
Ndi ndi ndi ndi (navyo-roll, navyo-flow, navyo-grow), toli ndi
Niliwezaje kutoa vyote?
Ili hali wewe ulinyima vyote
Kama ni jipu lilivimba zaidi
Nikasahau chizi huwa haponi
Kama chozi mvuani
Hatimaye kumekucha
Milembe nimekushusha
Na geti likifungwa
Naondoka ndi ndi ndi!
Ze ndi ndi ndi (navyo-roll, navyo-flow, navyo-grow), toli ndi
Ndi ndi ndi ndi (navyo-roll, navyo-flow, navyo-grow), toli ndi
Ze ndi ndi ndi (navyo-roll, navyo-flow, navyo-grow), toli ndi
Ndi ndi ndi ndi (navyo-roll, navyo-flow, navyo-grow), toli ndi
Hatua kwa hatua ngazi nazipanda
Nayo makovu yameniimarisha
Moyo mfukoni, tabasamu mdomoni
Furaha yangu oh yaja kwanza
Mambo yote nimeyavua
Oh chini nimeyatua
Kikomando
, toli ndi
Ndi ndi ndi ndi (navyo-roll, navyo-flow, navyo-grow), toli ndi
Ze ndi ndi ndi (navyo-roll, navyo-flow, navyo-grow), toli ndi
Ndi ndi ndi ndi (navyo-roll, navyo-flow, navyo-grow), toli ndi
(In hard situation)
Ze ndi ndi ndi, toli ndi (beautiful story)
Ndi ndi ndi ndi, toli ndi (In hard situation)
Ze ndi ndi ndi, toli ndi (beautiful story)
Ndi ndi ndi ndi, toli ndi
Beautiful story
In hard situation
Beautiful story"
Bongo,Nataka Kuwa Na Wewe,Mwasiti,Mwasiti,2007,https://www.google.com/search?q=Nataka Kuwa Na Wewe+lyrics,
Bongo,Nisamehe,Ali Kiba,Ali Kiba,2015,https://www.google.com/search?q=Nisamehe+lyrics,"Kukuhini kusokwisha umeangukia pemani
Roho yanidadarika kashanitoka sheitwani
Nimeumbiwa makosa mwanadamu na mimi
Moyo umekunja ndita nimekumiss jamani
Ngumu safari ilifanya njiani ushukie
Ukakosa siti miliki gari lako mwenyewe
Nikajiveka mashati nikajiona me ndo mie
Kweli mbaya halisi nawema hakosi ye
Nisamehe
Nisamehe
Nisamehe
Nisamehe
Chozi dibwi dibwi nachanganikiwa navilio sishikiki
Niko magharibi lizamapo jua wewe upo mashariki
Zawadi vipochi vijuice vipipi nazimiss chocolate
Nimekoma dear nilivyo nyongea huba zako sizipati
Tabibu kunikomesha umepata toto la kitanga
Sababu umeichoka jeuri yangu ya kipemba
Lile gubu limeniisha kabisa baby halimanga (aibu)
Wananicheka wajinga rudi nakuomba
Ngumu safari ilifanya njiani ushukie
Ukakosa siti miliki gari lako mwenyewe
Nikajiveka mashati nikajiona me ndo mie
Kweli mbaya halisi na wema hakosi ye
Nisamehe
Nisamehe
Nisamehe
Nisamehe
Nikikaa nawaza nimuingie kwa style gani?
Nimlilie niseme nnamimba kasahau t-shirt nyumbani
Nashindwa kujizuia uvumilivu unanishinda kwanini
Nikimpigia kusudi zake akipokea eti hellow wewe nani (iiih)
Na namba kakupa nani (iiih)
Mara aahh kumbe wewe unafanya issue gani (siku hiziii)
Nimsanii anajua inamana hanioni (kwenye Tv)
Aah ai wewe
Aah ai wewe"
Bongo,Nikikupata,Diamond Platnumz,Diamond Platnumz,2011,https://www.google.com/search?q=Nikikupata+lyrics,"Maisha yangu mi, nmeshafanya vingi na.kukutana na wengi
Kama warembo nao, nimeshakuwa na wengi ila sio siri umewazidi
Uzuri sio sura ma. pozi na maumbile kama wengi wanavyodhani
Bali ni nzuri tabia, hekima na ukarimu wako, busara na Imani
Uzuri sio sura ma. pozi na maumbile kama wengi wanavyodhani
Bali ni nzuri tabia, hekima na ukarimu wako, busara na Imani
Nikikupata, milele nitafurahi,
Nitaimba nakupenda, hadi mwisho wa uhai
Nikikupata, milele nitafurahi,
Nitaimba nakupenda, hadi mwisho wa uhai
Heshima ya mapenzi, ubora wa mapenzi
Wawili kuaminiana
Heshima ya mapenzi, furaha ya mapenzi
Mimi na we tukipendana
Nami ninaapa, kukupa thamani ya penzi unalopaswa
Kamwe sitofanya, kinyume na thamani ya pendo nikakosa
Uzuri sio sura ma... pozi na maumbile kama wengi wanavyodhani
Bali ni nzuri tabia, hekima na ukarimu wako, busara na Imani
Uzuri sio sura ma... pozi na maumbile kama wengi wanavyodhani
Bali ni nzuri tabia, hekima na ukarimu wako, busara na Imani
Nikikupata, milele nitafurahi,
Nitaimba nakupenda, hadi mwisho wa uhai
Nikikupata, milele nitafurahi,
Nitaimba nakupenda, hadi mwisho wa uhai
Maisha yangu mi, nmeshafanya vingi na.kukutana na wengi
Kama warembo nao, nimeshakuwa na wengi ila sio siri umewazidi
Uzuri sio sura ma. pozi na maumbile kama wengi wanavyodhani
Bali ni nzuri tabia, hekima na ukarimu wako, busara na Imani
Uzuri sio sura ma. pozi na maumbile kama wengi wanavyodhani
Bali ni nzuri tabia, hekima na ukarimu wako, busara na Imani
Nikikupata, milele nitafurahi,
Nitaimba nakupenda, hadi mwisho wa uhai
Nikikupata, milele nitafurahi,
Nitaimba nakupenda, hadi mwisho wa uhai
"
Bongo,Nikikutazama,Navy Kenzo,Navy Kenzo,2016,https://www.google.com/search?q=Nikikutazama+lyrics,"Nikikutazama moyo wayoyoma
Kipenzi cha ngoroo nakuyanza
Nikikutazama moyo wayoyoma
Kipenzi cha ngoroo nakuyanza
Huenda leo tuko chini
Twatembea matopeni
Usiwaskize matapeli
Kesho tuna gari
Me nasaka mali
Twende kwenu mashambani
Nikalipe mahari
Tuishi kwa amani
Nikikutazama moyo wayoyoma
Kipenzi cha ngoroo nakuyanza
Nikikutazama moyo wayoyoma
Kipenzi cha ngoroo nakuyanza
Kweli toto si toto (tortoise)
Na roho la mtoto
Nipe busu my sweety (kwanini)
Nimekumissy
Twende tumwone kasisi
Ama DC kwa offisi
Turingie mafisi
Nakuyanza
Nikikutazama moyo wayoyoma
Kipenzi cha ngoroo nakuyanza
Nikikutazama moyo wayoyoma
Kipenzi cha ngoroo nakuyanza
Oooh waoo Oooh waoo
Ni mless my dear
Ewe mpenzi sinzia
Mpenzi langu sincere ndakuyanza.
Hii saa ni moss moss
When baby u r so close
Let me wipe off your lip gloss (mwax)
Nakuyanza
Nikikutazama
Nikikutazama ma ma ma
Moyo wa yoyoma ma ma ma
Kipenzi cha ngori ma ma ma
Nakuyanza
Nikikutazama"
Bongo,Nuru,Alikiba,Alikiba,2012,https://www.google.com/search?q=Nuru+lyrics,
Bongo,Number One Remix,Diamond Platnumz ft. Davido,Diamond Platnumz,2015,https://www.google.com/search?q=Number One Remix+lyrics,
Bongo,Pale Kati Patamu,Nandy,Nandy,2018,https://www.google.com/search?q=Pale Kati Patamu+lyrics,
Bongo,Pamela,Kiba Square,Kiba Square,2010,https://www.google.com/search?q=Pamela+lyrics,
Bongo,Penzi la Bongo,Juma Nature,Juma Nature,2005,https://www.google.com/search?q=Penzi la Bongo+lyrics,
Bongo,Pili Pili,King Kaka ft. Fena Gitu,King Kaka,2017,https://www.google.com/search?q=Pili Pili+lyrics,"Willy Willy (Willy Poze)
Willy, Pozee
Pesa so kila kitu alinifunza mama
Heshima ndo kila kitu
Walishasema wahenga
Ukipata magari utapotea baby wee
Ukifuata mapeni utapotea
Mbona wajiita malaika
Na tabia zako, haziambatani
Mbonaaa wajiita mama yao
Na watoto wako umewatupa
Mboona wajiita chocolate
Na divai flavour kumbe we shubiri
We pili pili we, unaniumiza moyo
We pili pili we unaniumiza moyo
We pili pili we unaniumiza moyo
We pili pili we unaniumiza moyo
Mali so kila kitu, alinifunza mama
Mungu ndo kila kitu nilishika maneno ya mama eeh
Mke wangu twapigana
Kila siku ya wiki
Unataka mapeni tulia mungu ataleta
Unaniweka machungu ndani ya moyo wangu eeh
Tulia mungu ataleta, tulia
Mbona wajiita mama yao
Na watoto wako umewatupa
Mbona wajiita chokoleti
Na divai flavour kumbe we shubiri
We pili pili we unaniumiza moyo
We pili pili we unaniumiza moyo
We pili pili we unaniumiza moyo
We pili pili we unaniumiza moyo
We pili pili we unaniumiza moyo
We pili pili we unaniumiza moyo
We pili pili we unaniumiza moyo
We pili pili we unaniumiza moyo
Wololo wololo wololo
Wololo wololo wololo
Wololo wololo wololo
Wololo wololo wololo"
Bongo,Pili Lugha,Nonini ft. Chege,Nonini,2012,https://www.google.com/search?q=Pili Lugha+lyrics,
Bongo,Pinky,Sauti Sol,Sauti Sol,2015,https://www.google.com/search?q=Pinky+lyrics,
Bongo,Kwikwi,Zuchu,Zuchu,2022,https://www.google.com/search?q=Kwikwi+lyrics,
,,,,,,
,,,,,,
,,,,,,
,,,,,,
,,,,,,
,,,,,,
,,,,,,
,,,,,,
,,,,,,
,,,,,,
,,,,,,
,,,,,,
,,,,,,
,,,,,,
,,,,,,
,,,,,,
,,,,,,
,,,,,,
,,,,,,
,,,,,,
,,,,,,
,,,,,,
,,,,,,
,,,,,,
,,,,,,
,,,,,,
,,,,,,
,,,,,,
,,,,,,
,,,,,,
,,,,,,
,,,,,,
,,,,,,
,,,,,,
,,,,,,
,,,,,,
,,,,,,
,,,,,,
,,,,,,
,,,,,,
,,,,,,
,,,,,,
,,,,,,
,,,,,,
,,,,,,
,,,,,,
,,,,,,
,,,,,,
,,,,,,
,,,,,,
,,,,,,
,,,,,,
,,,,,,
,,,,,,
,,,,,,
,,,,,,
,,,,,,
,,,,,,
,,,,,,
,,,,,,
,,,,,,
,,,,,,
,,,,,,
,,,,,,
,,,,,,
,,,,,,
,,,,,,
,,,,,,
,,,,,,
,,,,,,
,,,,,,
,,,,,,
,,,,,,
,,,,,,
,,,,,,
,,,,,,
,,,,,,
,,,,,,
,,,,,,
,,,,,,
,,,,,,
,,,,,,
,,,,,,
,,,,,,
,,,,,,
,,,,,,
,,,,,,
,,,,,,
,,,,,,
,,,,,,
,,,,,,
,,,,,,
,,,,,,
,,,,,,
,,,,,,
,,,,,,
,,,,,,
,,,,,,
,,,,,,
,,,,,,
,,,,,,
,,,,,,
,,,,,,
,,,,,,
,,,,,,
,,,,,,
,,,,,,
,,,,,,
,,,,,,
,,,,,,
,,,,,,
,,,,,,
,,,,,,
,,,,,,
,,,,,,
,,,,,,
,,,,,,
,,,,,,
,,,,,,
,,,,,,
,,,,,,
,,,,,,
,,,,,,
,,,,,,
,,,,,,
,,,,,,
,,,,,,
,,,,,,
,,,,,,
,,,,,,
,,,,,,
,,,,,,
,,,,,,
,,,,,,
,,,,,,
,,,,,,
,,,,,,
,,,,,,
,,,,,,
,,,,,,
,,,,,,
,,,,,,
,,,,,,
,,,,,,
,,,,,,
,,,,,,
,,,,,,
,,,,,,
,,,,,,
,,,,,,
,,,,,,
,,,,,,
,,,,,,
,,,,,,
,,,,,,
,,,,,,
,,,,,,
,,,,,,
,,,,,,
,,,,,,
,,,,,,
,,,,,,
,,,,,,
,,,,,,
,,,,,,
,,,,,,
,,,,,,
,,,,,,
,,,,,,
,,,,,,
,,,,,,
,,,,,,
,,,,,,
,,,,,,
,,,,,,
,,,,,,
,,,,,,
,,,,,,
,,,,,,
,,,,,,
,,,,,,
,,,,,,
,,,,,,
,,,,,,
,,,,,,
,,,,,,
,,,,,,
,,,,,,
,,,,,,
,,,,,,
,,,,,,
,,,,,,
,,,,,,
,,,,,,
,,,,,,
,,,,,,
,,,,,,
,,,,,,
,,,,,,
,,,,,,
,,,,,,
,,,,,,
,,,,,,
,,,,,,
,,,,,,
,,,,,,
,,,,,,
,,,,,,
,,,,,,
,,,,,,
,,,,,,
,,,,,,
,,,,,,
,,,,,,
,,,,,,
,,,,,,
,,,,,,
,,,,,,
,,,,,,
,,,,,,
,,,,,,
,,,,,,
,,,,,,
,,,,,,
,,,,,,
,,,,,,
,,,,,,
,,,,,,
,,,,,,
,,,,,,
,,,,,,
,,,,,,
,,,,,,
,,,,,,
,,,,,,
,,,,,,
,,,,,,
,,,,,,
,,,,,,
,,,,,,
,,,,,,
,,,,,,
,,,,,,
,,,,,,
,,,,,,
,,,,,,
,,,,,,
,,,,,,
,,,,,,
,,,,,,
,,,,,,
,,,,,,
,,,,,,
,,,,,,
,,,,,,
,,,,,,
,,,,,,
,,,,,,
,,,,,,
,,,,,,
,,,,,,
,,,,,,
,,,,,,
,,,,,,
,,,,,,
,,,,,,
,,,,,,
,,,,,,
,,,,,,
,,,,,,
,,,,,,
,,,,,,
,,,,,,
,,,,,,
,,,,,,
,,,,,,
,,,,,,
,,,,,,
,,,,,,
,,,,,,
,,,,,,
,,,,,,
,,,,,,
,,,,,,
,,,,,,
,,,,,,
,,,,,,
,,,,,,
,,,,,,
,,,,,,
,,,,,,
,,,,,,
,,,,,,
,,,,,,
,,,,,,
,,,,,,
,,,,,,
,,,,,,
,,,,,,
,,,,,,
,,,,,,
,,,,,,
,,,,,,
,,,,,,
,,,,,,
,,,,,,
,,,,,,
,,,,,,
,,,,,,
,,,,,,
,,,,,,
,,,,,,
,,,,,,
,,,,,,
,,,,,,
,,,,,,
,,,,,,
,,,,,,
,,,,,,
,,,,,,
,,,,,,
,,,,,,
,,,,,,
,,,,,,
,,,,,,
,,,,,,
,,,,,,
,,,,,,
,,,,,,
,,,,,,
,,,,,,
,,,,,,
,,,,,,
,,,,,,
,,,,,,
,,,,,,
,,,,,,
,,,,,,
,,,,,,
,,,,,,
,,,,,,
,,,,,,
,,,,,,
,,,,,,
,,,,,,
,,,,,,
,,,,,,
,,,,,,
,,,,,,
,,,,,,
,,,,,,
,,,,,,
,,,,,,
,,,,,,
,,,,,,
,,,,,,
,,,,,,
,,,,,,
,,,,,,
,,,,,,
,,,,,,
,,,,,,
,,,,,,
,,,,,,
,,,,,,
,,,,,,
,,,,,,
,,,,,,
,,,,,,
,,,,,,
,,,,,,
,,,,,,
,,,,,,
,,,,,,
,,,,,,
,,,,,,
,,,,,,
,,,,,,
,,,,,,
,,,,,,
,,,,,,
,,,,,,
,,,,,,
,,,,,,
,,,,,,
,,,,,,
,,,,,,
,,,,,,
,,,,,,
,,,,,,
,,,,,,
,,,,,,
,,,,,,
,,,,,,
,,,,,,
,,,,,,
,,,,,,
,,,,,,
,,,,,,
,,,,,,
,,,,,,
,,,,,,
,,,,,,
,,,,,,
,,,,,,
,,,,,,
,,,,,,
,,,,,,
,,,,,,
,,,,,,
,,,,,,
,,,,,,
,,,,,,
,,,,,,
,,,,,,
,,,,,,
,,,,,,
,,,,,,
,,,,,,
,,,,,,
,,,,,,
,,,,,,
,,,,,,
,,,,,,
,,,,,,
,,,,,,
,,,,,,
,,,,,,
,,,,,,
,,,,,,
,,,,,,
,,,,,,
,,,,,,
,,,,,,
,,,,,,
,,,,,,
,,,,,,
,,,,,,
,,,,,,
,,,,,,
,,,,,,
,,,,,,
,,,,,,
,,,,,,
,,,,,,
,,,,,,
,,,,,,
,,,,,,
,,,,,,
,,,,,,
,,,,,,
,,,,,,
,,,,,,
,,,,,,
,,,,,,
,,,,,,
,,,,,,
,,,,,,
,,,,,,
,,,,,,
,,,,,,
,,,,,,
,,,,,,
,,,,,,
,,,,,,
,,,,,,
,,,,,,
,,,,,,
,,,,,,
,,,,,,
,,,,,,
,,,,,,
,,,,,,
,,,,,,
,,,,,,
,,,,,,
,,,,,,
,,,,,,
,,,,,,
,,,,,,
,,,,,,
,,,,,,
,,,,,,
,,,,,,
,,,,,,
,,,,,,
,,,,,,
,,,,,,
,,,,,,
,,,,,,
,,,,,,
,,,,,,
,,,,,,
,,,,,,
,,,,,,
,,,,,,
,,,,,,
,,,,,,
,,,,,,
,,,,,,
,,,,,,
,,,,,,
,,,,,,
,,,,,,
,,,,,,
,,,,,,
,,,,,,
,,,,,,
,,,,,,
,,,,,,
,,,,,,
,,,,,,
,,,,,,
,,,,,,
,,,,,,
,,,,,,
,,,,,,
,,,,,,
,,,,,,
,,,,,,
,,,,,,
,,,,,,
,,,,,,
,,,,,,
,,,,,,
,,,,,,
,,,,,,
,,,,,,
,,,,,,
,,,,,,
,,,,,,
,,,,,,
,,,,,,
,,,,,,
,,,,,,
,,,,,,
,,,,,,
,,,,,,
,,,,,,
,,,,,,
,,,,,,
,,,,,,
,,,,,,
,,,,,,
,,,,,,
,,,,,,
,,,,,,
,,,,,,
,,,,,,
,,,,,,
,,,,,,
,,,,,,
,,,,,,
,,,,,,
,,,,,,
,,,,,,
,,,,,,
,,,,,,
,,,,,,
,,,,,,
,,,,,,
,,,,,,
,,,,,,
,,,,,,
,,,,,,
,,,,,,
,,,,,,
,,,,,,
,,,,,,
,,,,,,
,,,,,,
,,,,,,
,,,,,,
,,,,,,
,,,,,,
,,,,,,
,,,,,,
,,,,,,
,,,,,,
,,,,,,
,,,,,,
,,,,,,
,,,,,,
,,,,,,
,,,,,,
,,,,,,
,,,,,,
,,,,,,
,,,,,,
,,,,,,
,,,,,,
,,,,,,
,,,,,,
,,,,,,
,,,,,,
,,,,,,
,,,,,,
,,,,,,
,,,,,,
,,,,,,
,,,,,,
,,,,,,
,,,,,,
,,,,,,
,,,,,,
,,,,,,
,,,,,,
,,,,,,
,,,,,,
,,,,,,
,,,,,,
,,,,,,
,,,,,,
,,,,,,
,,,,,,
,,,,,,
,,,,,,
,,,,,,
,,,,,,
,,,,,,
,,,,,,
,,,,,,
,,,,,,
,,,,,,
,,,,,,
,,,,,,
,,,,,,
,,,,,,
,,,,,,
,,,,,,
,,,,,,
,,,,,,
,,,,,,
,,,,,,
,,,,,,
,,,,,,
,,,,,,
,,,,,,
,,,,,,
,,,,,,
,,,,,,
,,,,,,
,,,,,,
,,,,,,
,,,,,,
,,,,,,
,,,,,,
,,,,,,
,,,,,,
,,,,,,
,,,,,,
,,,,,,
,,,,,,
,,,,,,
,,,,,,
,,,,,,
,,,,,,
,,,,,,
,,,,,,
,,,,,,
,,,,,,
,,,,,,
,,,,,,
,,,,,,
,,,,,,
,,,,,,
,,,,,,
,,,,,,
,,,,,,
,,,,,,
,,,,,,
,,,,,,
,,,,,,
,,,,,,
,,,,,,
,,,,,,
,,,,,,
,,,,,,
,,,,,,
,,,,,,
,,,,,,
,,,,,,
,,,,,,
,,,,,,
,,,,,,
,,,,,,
,,,,,,
,,,,,,
,,,,,,
,,,,,,
,,,,,,
,,,,,,
,,,,,,
,,,,,,
,,,,,,
,,,,,,
,,,,,,
,,,,,,
,,,,,,
,,,,,,
,,,,,,
,,,,,,
,,,,,,
,,,,,,
,,,,,,
,,,,,,
,,,,,,
,,,,,,
,,,,,,
,,,,,,
,,,,,,
,,,,,,
,,,,,,
,,,,,,
,,,,,,
,,,,,,
,,,,,,
,,,,,,
,,,,,,
,,,,,,
,,,,,,
,,,,,,
,,,,,,
,,,,,,
,,,,,,
,,,,,,
,,,,,,
,,,,,,
,,,,,,
,,,,,,
,,,,,,
,,,,,,
,,,,,,
,,,,,,
,,,,,,
,,,,,,
,,,,,,
,,,,,,
,,,,,,
,,,,,,
,,,,,,
,,,,,,
,,,,,,
,,,,,,
,,,,,,
,,,,,,
,,,,,,
,,,,,,
,,,,,,
,,,,,,
,,,,,,
,,,,,,
,,,,,,
,,,,,,
,,,,,,
,,,,,,
,,,,,,
,,,,,,
,,,,,,
,,,,,,
,,,,,,
,,,,,,
,,,,,,
,,,,,,
,,,,,,
,,,,,,
,,,,,,
,,,,,,
,,,,,,
,,,,,,
,,,,,,
,,,,,,
,,,,,,
,,,,,,
,,,,,,
,,,,,,
,,,,,,
,,,,,,
,,,,,,
,,,,,,
,,,,,,
,,,,,,
,,,,,,
,,,,,,
,,,,,,
,,,,,,
,,,,,,
,,,,,,
,,,,,,
,,,,,,
,,,,,,
,,,,,,
,,,,,,
,,,,,,
,,,,,,
,,,,,,
,,,,,,
,,,,,,
,,,,,,
,,,,,,
,,,,,,
,,,,,,
,,,,,,
,,,,,,
,,,,,,
,,,,,,
,,,,,,
,,,,,,
,,,,,,
,,,,,,
,,,,,,
,,,,,,
,,,,,,
,,,,,,
,,,,,,
,,,,,,
,,,,,,
,,,,,,
,,,,,,
,,,,,,
,,,,,,
,,,,,,
,,,,,,
,,,,,,
,,,,,,
,,,,,,
,,,,,,
,,,,,,
,,,,,,
,,,,,,
,,,,,,
,,,,,,
,,,,,,
,,,,,,
,,,,,,
,,,,,,
,,,,,,
,,,,,,
,,,,,,
,,,,,,
,,,,,,
,,,,,,
,,,,,,
,,,,,,
,,,,,,
,,,,,,
,,,,,,
,,,,,,
,,,,,,
,,,,,,
,,,,,,
,,,,,,
,,,,,,
,,,,,,
,,,,,,
,,,,,,
,,,,,,
,,,,,,
,,,,,,
,,,,,,
,,,,,,
,,,,,,
,,,,,,
,,,,,,
,,,,,,
,,,,,,
,,,,,,
,,,,,,
,,,,,,
,,,,,,
,,,,,,
,,,,,,
,,,,,,
,,,,,,
,,,,,,
,,,,,,
,,,,,,
,,,,,,
,,,,,,
,,,,,,
,,,,,,
,,,,,,
,,,,,,
,,,,,,